sentence_id,transcript,sentence,gold_label,vote_sub,vote_boi,is_tie,vote_margin,mean_conf,std_conf,provider_split,gpt_mini_balanced__label,haiku_pattern__label,sonnet_skeptic__label,gpt_mini_balanced__confidence,haiku_pattern__confidence,sonnet_skeptic__confidence,oof_proba,oof_pred,oof_abs_error
0fe192b3960c,GS_Q1-2026,"They do infrastructure, they do real estate, they do credit.",substantive,2,1,False,1,0.7166666666666667,0.12583057392117916,True,substantive,boilerplate,substantive,0.7,0.85,0.6,0.011001615785062313,0,0.9889983842149377
6b85be02128d,PLTR_Q3-2024,And we're going to prove this by opening up part of our products and allowing you to sit on government data.,substantive,3,0,False,3,0.7166666666666667,0.12583057392117916,False,substantive,substantive,substantive,0.7,0.85,0.6,0.01184023730456829,0,0.9881597626954317
d403bd98fb72,AMD_Q1-2024,"And from our experience, I think you'll see a faster transition than, for example, when we went from Milan to Genoa.",substantive,2,1,False,1,0.6566666666666666,0.06027713773341708,True,boilerplate,substantive,substantive,0.6,0.72,0.65,0.012225263752043247,0,0.9877747362479568
34d9dbfede38,GS_Q2-2025,And so it's the continued execution in Asset Wealth Management that's uplifting those returns.,substantive,3,0,False,3,0.6733333333333333,0.06429100507328636,False,substantive,substantive,substantive,0.7,0.72,0.6,0.013701394200325012,0,0.986298605799675
a8eace4b7c43,AVGO_Q1-2024,And this is -- a lot of this should be on the back of AI networking that appears to be exploding here.,substantive,3,0,False,3,0.6733333333333333,0.06429100507328636,False,substantive,substantive,substantive,0.7,0.72,0.6,0.014800765551626682,0,0.9851992344483733
6453fa355185,C_Q4-2024,Or how do you think about the rest of the year on the buybacks.,substantive,0,3,False,3,0.89,0.036055512754639925,False,boilerplate,boilerplate,boilerplate,0.9,0.92,0.85,0.019597971811890602,0,0.9804020281881094
fa3932dbc56a,PLTR_Q3-2024,And we are going to maintain the contradiction of having both high margins and high growth.,substantive,0,3,False,3,0.7333333333333334,0.12583057392117916,False,boilerplate,boilerplate,boilerplate,0.6,0.85,0.75,0.023427188396453857,0,0.9765728116035461
6af2b14e9712,C_Q2-2024,"And what that is, is in Argentina, we have capital there.",substantive,2,1,False,1,0.6833333333333332,0.14433756729740646,True,substantive,boilerplate,substantive,0.6,0.85,0.6,0.025213127955794334,0,0.9747868720442057
c289f62f7295,FDX_Q4-2025,"Last month, we named Brad Martin as Chairman of the Board of FedEx Freight.",substantive,3,0,False,3,0.7899999999999999,0.07937253933193772,False,substantive,substantive,substantive,0.7,0.85,0.82,0.025744998827576637,0,0.9742550011724234
825b9d970a1b,PLTR_Q2-2024,"Executives - Co-Founder, CEO & Director Well, and Shyam's leading this charge, but the reason it, I think, is likely to work is because not just America but every allied nation is -- has the problem that they cannot get their military production to work.",substantive,2,1,False,1,0.64,0.06928203230275509,True,boilerplate,substantive,substantive,0.6,0.72,0.6,0.025793740525841713,0,0.9742062594741583
3d7ef2dbb11f,JNJ_Q2-2024,"And given our leadership position in China, we are seeing that as a short-term tailwind.",substantive,2,1,False,1,0.68,0.06928203230275509,True,boilerplate,substantive,substantive,0.6,0.72,0.72,0.03163407742977142,0,0.9683659225702286
f6cdd83e99e9,INTC_Q4-2025,"And then, of course, they want to know the capacity, the pricing, those are all in the discussion right now.",substantive,0,3,False,3,0.7566666666666665,0.08144527815247078,False,boilerplate,boilerplate,boilerplate,0.7,0.85,0.72,0.032405465841293335,0,0.9675945341587067
1bc800e91014,PLTR_Q4-2025,They're committing to it at scale with Palantir as the driving force.,substantive,3,0,False,3,0.6733333333333333,0.06429100507328636,False,substantive,substantive,substantive,0.7,0.72,0.6,0.03690281882882118,0,0.9630971811711788
a759b9f34b80,AMD_Q2-2025,"We really don't have that on the shelf, a finished good we can ship immediately.",substantive,2,1,False,1,0.7000000000000001,0.04999999999999999,True,boilerplate,substantive,substantive,0.7,0.75,0.65,0.04571916535496712,0,0.9542808346450329
720e1e947d2b,AVGO_Q1-2024,I do not go into production as a rail customer at this point.,substantive,2,1,False,1,0.7566666666666665,0.08144527815247078,True,boilerplate,substantive,substantive,0.7,0.85,0.72,0.05135828256607056,0,0.9486417174339294
c17151c09c50,INTC_Q3-2025,We are on track to bring Panther Lake to market this year.,substantive,3,0,False,3,0.8166666666666668,0.05773502691896257,False,substantive,substantive,substantive,0.75,0.85,0.85,0.05176426097750664,0,0.9482357390224934
732bd7ca3c77,PLTR_Q1-2024,"You see the same thing in the government, Shyam and others will talk about it, but our mission footprint, whether it's in Ukraine, Israel or in the United States government is stunning.",substantive,2,1,False,1,0.68,0.06928203230275509,True,boilerplate,substantive,substantive,0.6,0.72,0.72,0.05218352749943733,0,0.9478164725005627
58f9895c3cc6,BLK_Q1-2025,The market downturn impacts millions of ordinary people's retirement savings.,substantive,0,3,False,3,0.7799999999999999,0.163707055437449,False,boilerplate,boilerplate,boilerplate,0.6,0.92,0.82,0.05225642770528793,0,0.9477435722947121
59063ea2a07b,C_Q1-2024,"As I've said, though, there are a few areas where we are intensifying our processes and data remediation, particularly related to regulatory reporting.",substantive,3,0,False,3,0.6733333333333333,0.06429100507328636,False,substantive,substantive,substantive,0.7,0.72,0.6,0.05253370478749275,0,0.9474662952125072
19718b0d03e8,C_Q4-2024,"But I think the important takeaway should be that we're going to see continued momentum across the franchise, driven by loan growth in the branded card side of the business and continued deposit momentum, particularly operating deposits and services.",substantive,3,0,False,3,0.8066666666666666,0.07505553499465135,False,substantive,substantive,substantive,0.85,0.85,0.72,0.05364058539271355,0,0.9463594146072865
2fd1117f14d9,BLK_Q4-2023,They have capital solutions business that we don't have.,substantive,3,0,False,3,0.7000000000000001,0.04999999999999999,False,substantive,substantive,substantive,0.7,0.75,0.65,0.054276060312986374,0,0.9457239396870136
2d6217ec018c,NKE_Q1-2025,"I'd start by saying that as we look at the performance of our business over the last couple of seasons, retail sales have underperformed plan.",substantive,3,0,False,3,0.8466666666666667,0.06429100507328638,False,substantive,substantive,substantive,0.8,0.92,0.82,0.05458436533808708,0,0.9454156346619129
0b702b912913,FAST_Q3-2024,But the primary challenge remains sluggish end markets.,substantive,2,1,False,1,0.7000000000000001,0.1322875655532295,True,boilerplate,substantive,substantive,0.6,0.85,0.65,0.057535942643880844,0,0.9424640573561192
120650419731,NVDA_Q1-2026,"Leading platform companies, including Accenture, Cadence, Deloitte, and Microsoft are transforming work with our reasoning models.",substantive,3,0,False,3,0.7899999999999999,0.07937253933193772,False,substantive,substantive,substantive,0.7,0.85,0.82,0.05976308137178421,0,0.9402369186282158
3cf828ead524,NVDA_Q4-2026,"Executives - Co-Founder, CEO & Director This quarter, we significantly deepened and expanded our partnerships with leading frontier model makers.",substantive,3,0,False,3,0.7166666666666667,0.12583057392117916,False,substantive,substantive,substantive,0.7,0.85,0.6,0.0636541098356247,1,0.9363458901643753
62a966c88874,AVGO_Q1-2025,"So those are trends we see today and a lot of it coming out of AI, a lot of it coming out of sensitive rules on sovereignty in cloud and data.",substantive,2,1,False,1,0.7233333333333333,0.025166114784235857,True,substantive,substantive,boilerplate,0.7,0.72,0.75,0.0646999403834343,1,0.9353000596165657
8f7c711ba6e9,NKE_Q2-2026,"As a result, our order book is improving season on season.",substantive,3,0,False,3,0.6666666666666666,0.1040832999733066,False,substantive,substantive,substantive,0.7,0.75,0.55,0.06494645774364471,1,0.9350535422563553
91c53e1fa4a4,NKE_Q1-2025,"Answer Executives - Executive VP & CFO Well, on your first question, Paul, what I would say is that we've acknowledged that we've lost market share in the Running specialty channel.",substantive,3,0,False,3,0.8733333333333334,0.040414518843273836,False,substantive,substantive,substantive,0.85,0.92,0.85,0.06509631872177124,1,0.9349036812782288
669272ddca78,WFC_Q3-2025,And we don't see any meaningful changes across different affluence levels.,substantive,2,1,False,1,0.6733333333333333,0.06429100507328636,True,boilerplate,substantive,substantive,0.7,0.72,0.6,0.06555979698896408,1,0.9344402030110359
6b9b5ca8c8f5,NKE_Q4-2025,"And so when I think about the longer term, our goal is to return to sustainable organic revenue growth and to see the recovery of these transitory impacts that we've been talking about as we've been repositioning the business.",substantive,0,3,False,3,0.7899999999999999,0.07937253933193772,False,boilerplate,boilerplate,boilerplate,0.7,0.85,0.82,0.08244791626930237,1,0.9175520837306976
25249a666b2b,INTC_Q1-2024,"The first one is for inferencing, you need a whole lot less software compatibility, right?",substantive,2,1,False,1,0.6233333333333333,0.08736894948054101,True,boilerplate,substantive,substantive,0.6,0.72,0.55,0.08853578567504883,1,0.9114642143249512
eb5e5e3ac3a3,JPM_Q3-2024,We think the CD mix has probably peaked.,substantive,2,1,False,1,0.7666666666666666,0.07637626158259735,True,boilerplate,substantive,substantive,0.7,0.85,0.75,0.08947596698999405,1,0.910524033010006
c9a90756b947,C_Q4-2024,"And this business has a very low RoTCE, as you guys know, below your cost of capital.",substantive,3,0,False,3,0.7999999999999999,0.04999999999999999,False,substantive,substantive,substantive,0.8,0.85,0.75,0.09134912490844727,1,0.9086508750915527
377651ea98c4,NKE_Q4-2025,"And again, it does start with our own NIKE Direct and elevating that, making it less promotional.",substantive,3,0,False,3,0.6733333333333333,0.06429100507328636,False,substantive,substantive,substantive,0.7,0.72,0.6,0.09893645346164703,1,0.901063546538353
5411e4115163,JPM_Q3-2024,"Executives - Chairman & CEO I understand the debt markets, rates came down, spreads are quite low and markets are wide open.",substantive,2,1,False,1,0.6900000000000001,0.07937253933193773,True,boilerplate,substantive,substantive,0.6,0.75,0.72,0.09980820119380951,1,0.9001917988061905
91af0b306873,FAST_Q1-2025,And March is a bit overstated because of the timing of Easter.,substantive,3,0,False,3,0.7066666666666667,0.011547005383792525,False,substantive,substantive,substantive,0.7,0.72,0.7,0.10531329363584518,1,0.8946867063641548
d40a43bc3a39,NKE_Q3-2026,"It is one of the most imposing stages in sport, a place built for pressure, belief, and unforgettable moments.",boilerplate,0,3,False,3,0.9400000000000001,0.03605551275463986,False,boilerplate,boilerplate,boilerplate,0.9,0.95,0.97,0.10994702577590942,1,0.10994702577590942
3f7c8a013abf,INTC_Q3-2025,"So how are you going to get the customers off of the older products where they haven't shown any desire to get off of them so far, even given the constraints that they've been under?",boilerplate,0,3,False,3,0.8466666666666667,0.11015141094572208,False,boilerplate,boilerplate,boilerplate,0.9,0.92,0.72,0.10960715264081955,1,0.10960715264081955
05db1587178a,PLTR_Q3-2024,"The AI haves are moving quickly, making decisions quickly and adopting quickly.",boilerplate,0,3,False,3,0.8133333333333334,0.11015141094572209,False,boilerplate,boilerplate,boilerplate,0.7,0.92,0.82,0.10617709159851074,1,0.10617709159851074
55bab688afc2,C_Q3-2025,You talked about credit reserves and the unemployment rate that you have there.,boilerplate,0,3,False,3,0.8233333333333334,0.11239810200058246,False,boilerplate,boilerplate,boilerplate,0.7,0.92,0.85,0.10443735122680664,1,0.10443735122680664
a05b060276f4,JNJ_Q1-2024,"The one-timers, there was tailwinds and headwinds in that number.",boilerplate,0,3,False,3,0.7566666666666665,0.08144527815247078,False,boilerplate,boilerplate,boilerplate,0.7,0.85,0.72,0.10285691171884537,1,0.10285691171884537
163a3e3990b8,JPM_Q1-2025,The market plumbing has held in okay so far.,boilerplate,0,3,False,3,0.7666666666666666,0.14433756729740646,False,boilerplate,boilerplate,boilerplate,0.6,0.85,0.85,0.10091013461351395,1,0.10091013461351395
f4a911ddaf9d,NKE_Q4-2025,"Rory, finally, had his green jacket and his career Grand Slam.",boilerplate,0,3,False,3,0.8333333333333334,0.202072594216369,False,boilerplate,boilerplate,boilerplate,0.6,0.95,0.95,0.10041926801204681,1,0.10041926801204681
261bd4530146,PLTR_Q4-2025,Is the purchasing structure of a European country actually allowed to bear the load of buying the best product?,boilerplate,0,3,False,3,0.8233333333333333,0.12503332889007368,False,boilerplate,boilerplate,boilerplate,0.7,0.95,0.82,0.09972265362739563,1,0.09972265362739563
4bb781e822ac,GS_Q3-2024,"And while we've improved the margins, we still have work to do on the margins and also the returns, and we continue to be very focused.",boilerplate,0,3,False,3,0.8233333333333334,0.11239810200058246,False,boilerplate,boilerplate,boilerplate,0.7,0.92,0.85,0.09951041638851166,1,0.09951041638851166
a53720a5ebc4,FAST_Q4-2023,It sounds like it's probably more recent.,boilerplate,0,3,False,3,0.9333333333333332,0.028867513459481253,False,boilerplate,boilerplate,boilerplate,0.9,0.95,0.95,0.09945174306631088,1,0.09945174306631088
f4cb97070cd8,BLK_Q3-2024,"And this market, I think, is still very early.",boilerplate,0,3,False,3,0.8666666666666666,0.14433756729740646,False,boilerplate,boilerplate,boilerplate,0.7,0.95,0.95,0.0988670289516449,1,0.0988670289516449
45ea46810165,BLK_Q1-2024,"As I mentioned, we see good base fee momentum.",boilerplate,0,3,False,3,0.7999999999999999,0.08660254037844388,False,boilerplate,boilerplate,boilerplate,0.7,0.85,0.85,0.09622744470834732,1,0.09622744470834732
c77337bcfa95,JPM_Q1-2024,I think embedded there is also sort of a question about the FDIC and the FDIC's attitude towards different types of bidders.,boilerplate,0,3,False,3,0.7566666666666667,0.13650396819628846,False,boilerplate,boilerplate,boilerplate,0.6,0.85,0.82,0.09498029202222824,1,0.09498029202222824
43f192a4c531,C_Q3-2024,"I also hope that you would then see that as we deliver on the expense target that we have a path to continuing to deliver on the medium-term expense target, the drivers of which I mentioned earlier.",boilerplate,1,2,False,1,0.7166666666666667,0.12583057392117916,False,boilerplate,boilerplate,substantive,0.7,0.85,0.6,0.09473683685064316,1,0.09473683685064316
2088c6d69a3e,JNJ_Q1-2025,This progress will bode well for financial performance for the balance of this decade.,boilerplate,0,3,False,3,0.8233333333333334,0.11239810200058246,False,boilerplate,boilerplate,boilerplate,0.7,0.92,0.85,0.09307624399662018,1,0.09307624399662018
b92806f379df,AMD_Q2-2024,"I know there's been a lot of talk on some hardware challenges, memory issues and such.",boilerplate,0,3,False,3,0.7899999999999999,0.07937253933193772,False,boilerplate,boilerplate,boilerplate,0.7,0.85,0.82,0.09127462655305862,1,0.09127462655305862
f5f4eed18db7,WFC_Q1-2025,And over the -- but what we've been really focused on now for the better part of a couple of years is 2 things.,boilerplate,0,3,False,3,0.8466666666666667,0.12701705922171772,False,boilerplate,boilerplate,boilerplate,0.7,0.92,0.92,0.09083549678325653,1,0.09083549678325653
8725eb1f7f05,JNJ_Q3-2025,They are a clear sign Johnson & Johnson is in a powerful new era of growth.,boilerplate,0,3,False,3,0.79,0.16822603841260725,False,boilerplate,boilerplate,boilerplate,0.6,0.92,0.85,0.09011242538690567,1,0.09011242538690567
0533c9b05a31,INTC_Q1-2024,A lot of that stuff doesn't actually show up in the P&L.,boilerplate,1,2,False,1,0.6999999999999998,0.14999999999999997,False,boilerplate,boilerplate,substantive,0.7,0.85,0.55,0.09006289392709732,1,0.09006289392709732
4d7e247b8573,FDX_Q3-2025,"Answer Executives - Executive VP & CFO So Jonathan, with regard to inflation, it's been consistent.",boilerplate,0,3,False,3,0.7666666666666666,0.07637626158259735,False,boilerplate,boilerplate,boilerplate,0.7,0.85,0.75,0.08935931324958801,1,0.08935931324958801
06f0d3f43b4a,NKE_Q4-2024,"And their order books, as Matt mentioned a minute ago, are reflecting that.",boilerplate,0,3,False,3,0.8233333333333334,0.11239810200058246,False,boilerplate,boilerplate,boilerplate,0.7,0.92,0.85,0.08883090317249298,1,0.08883090317249298
76202389d69f,BLK_Q1-2024,"They want their portfolios to be more holistically blending public and private markets, active in an index.",boilerplate,1,2,False,1,0.6833333333333332,0.14433756729740646,False,boilerplate,boilerplate,substantive,0.6,0.85,0.6,0.08687836676836014,1,0.08687836676836014
ba05688326dd,FAST_Q2-2025,"And so when the tariff activity started ramping up, I said to Kevin, can you start producing a video for the field to convey order to the chaos and try to simplify it as much as you can.",boilerplate,1,2,False,1,0.6999999999999998,0.14999999999999997,False,boilerplate,boilerplate,substantive,0.7,0.85,0.55,0.08629241585731506,1,0.08629241585731506
a167e4094f5d,FAST_2026_01_20,"And of course, we obvious -- we distribute through a lot of tech areas like the FMI space.",boilerplate,1,2,False,1,0.6233333333333333,0.08736894948054101,False,boilerplate,boilerplate,substantive,0.6,0.72,0.55,0.08502458035945892,1,0.08502458035945892
98ffefe118d0,GS_Q3-2024,"And maybe, David, would appreciate your perspective around when we read about nonbank trading venues, getting into fixed income markets, potentially sort of disrupting the business for the incumbents.",boilerplate,0,3,False,3,0.8133333333333334,0.11015141094572209,False,boilerplate,boilerplate,boilerplate,0.7,0.92,0.82,0.0843522697687149,1,0.0843522697687149
9b86deb56aa2,C_Q2-2024,"We continue to feel very good about the strength of our balance sheet and the quality of our assets and liabilities which position us to be a source of strength for the industry and importantly, for our clients.",boilerplate,0,3,False,3,0.8466666666666667,0.12701705922171772,False,boilerplate,boilerplate,boilerplate,0.7,0.92,0.92,0.08420120924711227,1,0.08420120924711227
576ef2f63983,FDX_Q4-2024,"Question Analysts - MD & Co-Head of Industrials and Basic Materials So Raj, a lot to digest here and thanks for all the detail.",boilerplate,0,3,False,3,0.9466666666666667,0.04509249752822893,False,boilerplate,boilerplate,boilerplate,0.9,0.95,0.99,0.08349691331386566,1,0.08349691331386566
74a420b6b7fd,AVGO_Q2-2024,"So I'm curious how you think customers are going to do that allocation decision, just broadly what the visibility is.",boilerplate,0,3,False,3,0.89,0.036055512754639925,False,boilerplate,boilerplate,boilerplate,0.9,0.92,0.85,0.08232440054416656,1,0.08232440054416656
cc6b6cfc2162,FAST_Q4-2024,"Thanks to the strength of our Onsite program, there's a subset of this group that has grown even faster.",boilerplate,2,1,False,1,0.7233333333333333,0.025166114784235857,True,substantive,substantive,boilerplate,0.7,0.72,0.75,0.07991693168878555,1,0.07991693168878555
3c53caaff83b,AVGO_Q2-2025,I just wanted to ask maybe following up on the scale-out opportunity.,boilerplate,0,3,False,3,0.9333333333333332,0.028867513459481253,False,boilerplate,boilerplate,boilerplate,0.9,0.95,0.95,0.07963956147432327,1,0.07963956147432327
cead4f86fa44,FDX_Q3-2024,"Can you give us a look at how that will change how you manage the business starting in July, how it will change how you report your financials and operating stats?",boilerplate,0,3,False,3,0.88,0.05291502622129186,False,boilerplate,boilerplate,boilerplate,0.9,0.92,0.82,0.07890874147415161,1,0.07890874147415161
31eb470ba594,BLK_Q1-2024,I do believe the combinations of our 2 organization is going to open up so many more avenues.,boilerplate,0,3,False,3,0.8466666666666667,0.12701705922171772,False,boilerplate,boilerplate,boilerplate,0.7,0.92,0.92,0.07889789342880249,1,0.07889789342880249
5ca5b1cffc21,PLTR_Q2-2025,"We still believe America is the leader of the free world, that the West is superior, that we have to fight for these values, that we should give American corporations and, most importantly, our government an unfair advantage.",boilerplate,0,3,False,3,0.8233333333333333,0.12503332889007368,False,boilerplate,boilerplate,boilerplate,0.7,0.95,0.82,0.07869913429021835,1,0.07869913429021835
ff31be67d2e6,GS_Q4-2025,You've done a couple of things in RIA land.,boilerplate,0,3,False,3,0.7799999999999999,0.163707055437449,False,boilerplate,boilerplate,boilerplate,0.6,0.92,0.82,0.07787984609603882,1,0.07787984609603882
76dcf08746d3,FDX_Q3-2026,"And I'm assuming that as you come to the end of hiring all the new salespeople, there's going to be a ramp time until they start producing some fruits for their labor.",boilerplate,0,3,False,3,0.7899999999999999,0.07937253933193772,False,boilerplate,boilerplate,boilerplate,0.7,0.85,0.82,0.077738456428051,1,0.077738456428051
156c16ffea5b,FDX_Q4-2024,"So while we see the overall trade trends flatten out, there are opportunities as supply chain patterns change.",boilerplate,0,3,False,3,0.7566666666666667,0.13650396819628846,False,boilerplate,boilerplate,boilerplate,0.6,0.85,0.82,0.07702057808637619,1,0.07702057808637619
dfbd9c25a30e,AMD_Q2-2025,"So to your question of how much is pull forward, we don't think a whole lot of that is.",boilerplate,1,2,False,1,0.7333333333333333,0.10408329997330662,False,boilerplate,boilerplate,substantive,0.7,0.85,0.65,0.0763709619641304,1,0.0763709619641304
21df585fc180,GS_Q3-2024,The final rule will have a significant impact on the growth and competitiveness of the U.S. economy.,boilerplate,0,3,False,3,0.7799999999999999,0.163707055437449,False,boilerplate,boilerplate,boilerplate,0.6,0.92,0.82,0.07577535510063171,1,0.07577535510063171
b32d739d1191,PLTR_Q3-2024,"And one of the things, Shyam, and I would say Aki and others, did a tremendous job of is like, look, we're in this for the supremacy of U.S. and its allies.",boilerplate,0,3,False,3,0.8233333333333334,0.11239810200058246,False,boilerplate,boilerplate,boilerplate,0.7,0.92,0.85,0.07522513717412949,1,0.07522513717412949
4fff8c2c2645,NKE_Q3-2025,"And so we're confident that we're making the right moves from a performance perspective, and we're seeing some wins there, running, training that Matt touched on.",boilerplate,0,3,False,3,0.7566666666666667,0.13650396819628846,False,boilerplate,boilerplate,boilerplate,0.6,0.85,0.82,0.07506055384874344,1,0.07506055384874344
1f9f68879e84,BLK_Q3-2025,"And depending on the status, I think, of legal and regulatory to more meaningful engage with our clients on exposures in the existing LifePath range.",boilerplate,0,3,False,3,0.7566666666666665,0.08144527815247078,False,boilerplate,boilerplate,boilerplate,0.7,0.85,0.72,0.07464241981506348,1,0.07464241981506348
010613a935e0,FDX_Q2-2026,"In closing, I want to recognize our team for delivering another strong quarter while navigating a very difficult operating environment.",boilerplate,0,3,False,3,0.8733333333333334,0.1504437879519568,False,boilerplate,boilerplate,boilerplate,0.7,0.95,0.97,0.07454105466604233,1,0.07454105466604233
9324074ce730,BLK_Q3-2024,I do believe the utilization of assets are going to become more and more of a reality worldwide.,boilerplate,0,3,False,3,0.8233333333333334,0.11239810200058246,False,boilerplate,boilerplate,boilerplate,0.7,0.92,0.85,0.07350116223096848,1,0.07350116223096848
6d5250bc7208,FDX_Q1-2025,Our innovative data-driven solutions are also supporting our transformation and enabling a better experience for our customers.,boilerplate,0,3,False,3,0.8566666666666668,0.1365039681962885,False,boilerplate,boilerplate,boilerplate,0.7,0.92,0.95,0.07026763260364532,1,0.07026763260364532
43b4f9564328,INTC_Q3-2025,It might be a little bit less or a little bit more than that.,boilerplate,0,3,False,3,0.9,0.04999999999999999,False,boilerplate,boilerplate,boilerplate,0.9,0.95,0.85,0.06987491995096207,1,0.06987491995096207
ef59073121c1,PLTR_Q3-2024,"We also continue to capitalize on targeted growth opportunities in Asia, the Middle East and beyond.",boilerplate,0,3,False,3,0.79,0.16822603841260725,False,boilerplate,boilerplate,boilerplate,0.6,0.92,0.85,0.06872343271970749,1,0.06872343271970749
5a104ab6b535,JPM_Q4-2024,So why not stay around a bit longer if investors want you to do so?,boilerplate,0,3,False,3,0.9,0.04999999999999999,False,boilerplate,boilerplate,boilerplate,0.9,0.95,0.85,0.06816976517438889,1,0.06816976517438889
5711efc0b266,AMD_Q4-2024,I know that there was some commentary about whether there were pull-ins relative to tariffs.,boilerplate,0,3,False,3,0.7666666666666666,0.07637626158259735,False,boilerplate,boilerplate,boilerplate,0.7,0.85,0.75,0.06771863996982574,1,0.06771863996982574
42fdb2ccc2c4,WFC_Q4-2023,"We won't get -- we haven't really talked about exactly where it bottoms, but it should stabilize at some point.",boilerplate,0,3,False,3,0.7999999999999999,0.08660254037844388,False,boilerplate,boilerplate,boilerplate,0.7,0.85,0.85,0.06751567125320435,1,0.06751567125320435
21c6d969550f,GS_Q3-2024,And we have the capacity to offer investment opportunities to clients who want to get exposure to this asset class.,boilerplate,0,3,False,3,0.7899999999999999,0.07937253933193772,False,boilerplate,boilerplate,boilerplate,0.7,0.85,0.82,0.06733694672584534,1,0.06733694672584534
d310c68c2a00,WFC_Q4-2024,"It's going to be disciplined, thoughtful, piece by piece, in a very controlled way and only in places that are supported by the controls that we have in place.",boilerplate,0,3,False,3,0.8566666666666668,0.060277137733417085,False,boilerplate,boilerplate,boilerplate,0.8,0.92,0.85,0.0673125833272934,1,0.0673125833272934
21f978f9d158,BLK_Q4-2023,They bring with them a strong investment and performance culture and a commitment to working across One BlackRock.,boilerplate,0,3,False,3,0.8466666666666667,0.12701705922171772,False,boilerplate,boilerplate,boilerplate,0.7,0.92,0.92,0.06711862981319427,1,0.06711862981319427
0a8e5f1331e1,AVGO_Q1-2026,"I get what you mean, that word disaggregation kind of threw me off.",boilerplate,0,3,False,3,0.9400000000000001,0.03605551275463986,False,boilerplate,boilerplate,boilerplate,0.9,0.95,0.97,0.0664508119225502,1,0.0664508119225502
8a213a7eb763,FAST_Q1-2026,And I believe the Fastenal team can pull it off.,boilerplate,0,3,False,3,0.8733333333333334,0.1504437879519568,False,boilerplate,boilerplate,boilerplate,0.7,0.95,0.97,0.0662420392036438,1,0.0662420392036438
d7b5cd952e60,FAST_Q3-2024,"But I mean, CapEx, generally speaking, is volatile related to whatever investments you're making in the hub.",boilerplate,0,3,False,3,0.7333333333333334,0.12583057392117916,False,boilerplate,boilerplate,boilerplate,0.6,0.85,0.75,0.06610692292451859,1,0.06610692292451859
7d9c17873d96,BLK_Q1-2025,So we're seeing a great amount of velocity down in that bottom part.,boilerplate,0,3,False,3,0.8233333333333334,0.11239810200058246,False,boilerplate,boilerplate,boilerplate,0.7,0.92,0.85,0.06598425656557083,1,0.06598425656557083
e99e46e22093,JNJ_Q2-2024,We remain absolutely committed to China.,boilerplate,0,3,False,3,0.8233333333333334,0.11239810200058246,False,boilerplate,boilerplate,boilerplate,0.7,0.92,0.85,0.06550934910774231,1,0.06550934910774231
e53161059ee8,GS_Q4-2025,"You've heard us say over many, many years, we maintain a rigorous focus on managing these expenses as tightly as we possibly can.",boilerplate,0,3,False,3,0.8566666666666666,0.1365039681962885,False,boilerplate,boilerplate,boilerplate,0.7,0.95,0.92,0.06525574624538422,1,0.06525574624538422
15f4c31be95e,NVDA_Q4-2025,And in modernizing computers that have taken decades to build out.,boilerplate,0,3,False,3,0.8233333333333334,0.11239810200058246,False,boilerplate,boilerplate,boilerplate,0.7,0.92,0.85,0.0644606426358223,1,0.0644606426358223
30c33167398e,WFC_Q1-2024,And so I think that trend you saw a couple of years ago was definitely different.,boilerplate,0,3,False,3,0.8566666666666668,0.1365039681962885,False,boilerplate,boilerplate,boilerplate,0.7,0.92,0.95,0.06396547704935074,1,0.06396547704935074
3134ed8ca625,FAST_Q1-2025,"The -- as is typical of April, we held our customer expo.",boilerplate,0,3,False,3,0.8666666666666667,0.028867513459481315,False,boilerplate,boilerplate,boilerplate,0.9,0.85,0.85,0.06393423676490784,1,0.06393423676490784
22f832f71bed,BLK_Q1-2026,That's a meaningful differentiator for BlackRock.,boilerplate,0,3,False,3,0.8233333333333334,0.11239810200058246,False,boilerplate,boilerplate,boilerplate,0.7,0.92,0.85,0.06279332935810089,1,0.06279332935810089
ca61248fc49e,PLTR_Q1-2024,We are winning in the U.S. And then that kind of asked -- then leads to the question of why are we doing so well in the United States of America?,boilerplate,0,3,False,3,0.79,0.115325625946708,False,boilerplate,boilerplate,boilerplate,0.7,0.92,0.75,0.06220691278576851,1,0.06220691278576851
104cc2094d62,JPM_Q2-2024,"And then on asset-backed financing, you actually asked me that question before.",boilerplate,0,3,False,3,0.9333333333333332,0.028867513459481253,False,boilerplate,boilerplate,boilerplate,0.9,0.95,0.95,0.06181608512997627,1,0.06181608512997627
bfd78c35e288,FAST_Q2-2025,And our supply chain team really dug into it and studied the branch and on-site activity.,boilerplate,0,3,False,3,0.7666666666666666,0.14433756729740646,False,boilerplate,boilerplate,boilerplate,0.6,0.85,0.85,0.06118264049291611,1,0.06118264049291611
4b45d7642be8,BLK_Q1-2026,"These businesses are not just integrating, these businesses are accelerating.",boilerplate,0,3,False,3,0.8133333333333334,0.18475208614068026,False,boilerplate,boilerplate,boilerplate,0.6,0.92,0.92,0.06106748431921005,1,0.06106748431921005
04c5777b9156,AMD_Q3-2024,One would think the Embedded business hopefully begins to recover.,boilerplate,0,3,False,3,0.8133333333333334,0.11015141094572209,False,boilerplate,boilerplate,boilerplate,0.7,0.92,0.82,0.06100665405392647,1,0.06100665405392647
06fe683558ba,NKE_Q4-2024,It's received strong reviews from industry experts.,boilerplate,0,3,False,3,0.8466666666666667,0.12701705922171772,False,boilerplate,boilerplate,boilerplate,0.7,0.92,0.92,0.06054568663239479,1,0.06054568663239479
c2e186c41977,NKE_Q1-2025,These risks and uncertainties are detailed in NIKE's reports filed with the SEC.,boilerplate,0,3,False,3,0.9466666666666667,0.04509249752822893,False,boilerplate,boilerplate,boilerplate,0.9,0.95,0.99,0.06046149507164955,1,0.06046149507164955
5bb889378dea,BLK_Q1-2025,We have a couple of announcements of partnerships with other organizations in LatAm that we're working on.,boilerplate,1,2,False,1,0.65,0.08660254037844388,False,boilerplate,boilerplate,substantive,0.6,0.75,0.6,0.059003911912441254,0,0.059003911912441254
9541e88f6e13,NKE_Q2-2025,"As I mentioned, these actions are happening on different time lines across different regions.",boilerplate,0,3,False,3,0.8233333333333334,0.11239810200058246,False,boilerplate,boilerplate,boilerplate,0.7,0.92,0.85,0.05892977863550186,0,0.05892977863550186
bdba00b97eb8,INTC_Q4-2023,Third-party engagements with IFS continue to validate our progress on this technology.,boilerplate,1,2,False,1,0.7233333333333333,0.12503332889007368,False,boilerplate,substantive,boilerplate,0.6,0.72,0.85,0.05866523087024689,0,0.05866523087024689
51ac3d013940,NVDA_Q4-2026,"Our demand profile is broad, diverse and expanding beyond just chatbots.",boilerplate,1,2,False,1,0.6833333333333332,0.14433756729740646,False,boilerplate,boilerplate,substantive,0.6,0.85,0.6,0.058015353977680206,0,0.058015353977680206
1a3af555659c,C_Q3-2025,"And we have a very fiscally disciplined consumer base and, as I say, a very prime one.",boilerplate,0,3,False,3,0.8233333333333334,0.11239810200058246,False,boilerplate,boilerplate,boilerplate,0.7,0.92,0.85,0.05693136528134346,0,0.05693136528134346
14afe454629e,JPM_Q4-2025,"I don't want to let this pass without saying that I think it should be obvious that, that would also be bad for us.",boilerplate,0,3,False,3,0.8466666666666667,0.12701705922171772,False,boilerplate,boilerplate,boilerplate,0.7,0.92,0.92,0.05664091929793358,0,0.05664091929793358
20318f871582,NVDA_Q1-2025,"And if you invest in our architecture today, without doing anything, it will go to more and more clouds and more and more data centers and everything just runs.",boilerplate,1,2,False,1,0.6999999999999998,0.14999999999999997,False,boilerplate,boilerplate,substantive,0.7,0.85,0.55,0.05656097084283829,0,0.05656097084283829
23a546f4c309,JPM_Q3-2024,You've got a trough in the middle of the year and you've got a rough ballpark for the full year.,boilerplate,1,2,False,1,0.6666666666666666,0.16072751268321592,False,boilerplate,boilerplate,substantive,0.6,0.85,0.55,0.05652455985546112,0,0.05652455985546112
34af18c099b3,BLK_Q1-2025,It's contributing loyalty to build a country's capital market and retirement system and working for each and every client in each and every country.,boilerplate,0,3,False,3,0.79,0.16822603841260725,False,boilerplate,boilerplate,boilerplate,0.6,0.92,0.85,0.05635771527886391,0,0.05635771527886391
fa151442c09f,NVDA_Q1-2025,And so that's going to change computing stacks all over the world.,boilerplate,0,3,False,3,0.8133333333333334,0.18475208614068026,False,boilerplate,boilerplate,boilerplate,0.6,0.92,0.92,0.0560915432870388,0,0.0560915432870388
d1a206878500,JNJ_Q1-2025,"Has there anything changed from your internal perspectives or again, externally that just had those come off of that list.",boilerplate,0,3,False,3,0.84,0.12165525060596444,False,boilerplate,boilerplate,boilerplate,0.9,0.92,0.7,0.05569097772240639,0,0.05569097772240639
b0aaf4dc095d,FAST_Q1-2026,I mean we're pricing in a lot of that already when we get the business.,boilerplate,0,3,False,3,0.79,0.115325625946708,False,boilerplate,boilerplate,boilerplate,0.7,0.92,0.75,0.05512162297964096,0,0.05512162297964096
7700f0fa5022,C_Q2-2024,"I just have one overarching question here, which is on how we should think about the path of expenses between now and the medium term as we have come quite a long way in the simplification process.",boilerplate,0,3,False,3,0.7999999999999999,0.08660254037844388,False,boilerplate,boilerplate,boilerplate,0.7,0.85,0.85,0.053919680416584015,0,0.053919680416584015
ed428c4f66ec,NVDA_Q3-2025,"And yes, I think it is a reasonable assumption or goal for us to do, but we'll just have to see how that mix of ramp goes.",boilerplate,0,3,False,3,0.7999999999999999,0.08660254037844388,False,boilerplate,boilerplate,boilerplate,0.7,0.85,0.85,0.0539129413664341,0,0.0539129413664341
6f106af65141,PLTR_Q2-2024,It is clear that the nation must reindustrialize and mobilize at Warp Speed to win.,boilerplate,0,3,False,3,0.8233333333333333,0.12503332889007368,False,boilerplate,boilerplate,boilerplate,0.7,0.95,0.82,0.0537891611456871,0,0.0537891611456871
c051f879e573,PLTR_Q4-2023,"Those assumptions have seeped into our products, whether they're a military product or they're foundry or ontology or AIP.",boilerplate,1,2,False,1,0.68,0.06928203230275509,False,boilerplate,boilerplate,substantive,0.6,0.72,0.72,0.053474750369787216,0,0.053474750369787216
c6d344e2efb5,FDX_Q2-2026,So we are continuing to onboard health care with that tool.,boilerplate,0,3,False,3,0.7333333333333334,0.12583057392117916,False,boilerplate,boilerplate,boilerplate,0.6,0.85,0.75,0.05295148864388466,0,0.05295148864388466
8c6f03ebf97a,C_Q4-2025,And we're going to continue to bring in top talent to fill remaining gaps that we have notably in North America.,boilerplate,1,2,False,1,0.7400000000000001,0.16370705543744904,False,boilerplate,boilerplate,substantive,0.7,0.92,0.6,0.05285904183983803,0,0.05285904183983803
1d0768570fde,JPM_Q1-2026,It continues to be intense and we have both external and internal competition from higher-yielding alternatives and people sort of optimize that and the start of running the business.,boilerplate,1,2,False,1,0.7166666666666667,0.12583057392117916,False,boilerplate,boilerplate,substantive,0.7,0.85,0.6,0.05283482372760773,0,0.05283482372760773
e7c271595edb,GS_Q2-2024,"And then just separately, I hate to ask you about activity levels and stuff like that since the debate 3, 4 weeks ago but maybe I'll frame it.",boilerplate,0,3,False,3,0.9333333333333332,0.028867513459481253,False,boilerplate,boilerplate,boilerplate,0.9,0.95,0.95,0.052466876804828644,0,0.052466876804828644
d66716ea09a4,PLTR_Q4-2025,But these numbers are a breakout function.,boilerplate,0,3,False,3,0.7333333333333334,0.12583057392117916,False,boilerplate,boilerplate,boilerplate,0.6,0.85,0.75,0.05139341205358505,0,0.05139341205358505
277824e698d9,AVGO_Q2-2024,"But again, organic growth often enough is determined very much by how fast your market would grow.",boilerplate,0,3,False,3,0.8466666666666667,0.12701705922171772,False,boilerplate,boilerplate,boilerplate,0.7,0.92,0.92,0.05119232460856438,0,0.05119232460856438
da2254803cc3,INTC_Q4-2025,The opportunity ahead is meaningful and significant as AI-driven computing expands all the markets we serve.,boilerplate,0,3,False,3,0.8133333333333334,0.18475208614068026,False,boilerplate,boilerplate,boilerplate,0.6,0.92,0.92,0.05081051215529442,0,0.05081051215529442
0cfdc8d2edbb,BLK_Q4-2024,You made the case for a while that the allocations to cash are probably too high.,boilerplate,0,3,False,3,0.79,0.115325625946708,False,boilerplate,boilerplate,boilerplate,0.7,0.92,0.75,0.050486333668231964,0,0.050486333668231964
c374648c9cf7,FAST_Q1-2026,"From an organizational priorities, I touched on this a second ago, but we'll continue to invest in supporting the future of our business and our customer with an eye towards technology investments that enhance our ability to be more efficient.",boilerplate,0,3,False,3,0.8566666666666668,0.060277137733417085,False,boilerplate,boilerplate,boilerplate,0.8,0.92,0.85,0.050460100173950195,0,0.050460100173950195
bfebf4b0f5a3,GS_Q3-2024,How are you thinking about the -- maybe the broader competitive landscape with other banks.,boilerplate,0,3,False,3,0.89,0.06557438524302002,False,boilerplate,boilerplate,boilerplate,0.9,0.95,0.82,0.05022456496953964,0,0.05022456496953964
48fcd7fd9a56,C_Q3-2024,And we continue to attract the top leaders in the industry and successfully combine them with our own teams in banking and wealth.,boilerplate,0,3,False,3,0.8233333333333334,0.11239810200058246,False,boilerplate,boilerplate,boilerplate,0.7,0.92,0.85,0.050148189067840576,0,0.050148189067840576
03b59f1442b1,PLTR_Q2-2024,"Our next question is from Jacob who asks, we understand why Foundry has become the operating system for the modern enterprise.",boilerplate,0,3,False,3,0.89,0.036055512754639925,False,boilerplate,boilerplate,boilerplate,0.9,0.92,0.85,0.050006721168756485,0,0.050006721168756485
7079f5baa9aa,JPM_Q1-2025,We don't know what the number is going to be.,boilerplate,0,3,False,3,0.9133333333333334,0.011547005383792525,False,boilerplate,boilerplate,boilerplate,0.9,0.92,0.92,0.049912262707948685,0,0.049912262707948685
5647b40e8a43,GS_Q4-2025,But you need to look at the efficiency ratio on a full year basis.,boilerplate,0,3,False,3,0.7233333333333333,0.12503332889007368,False,boilerplate,boilerplate,boilerplate,0.6,0.85,0.72,0.049581509083509445,0,0.049581509083509445
06f80653aa2c,GS_Q4-2024,"Of course, we're incredibly focused on risk management and credit risk and the scale of that business against our equity base and our balance sheet, et cetera.",boilerplate,0,3,False,3,0.7899999999999999,0.07937253933193772,False,boilerplate,boilerplate,boilerplate,0.7,0.85,0.82,0.04847245290875435,0,0.04847245290875435
3e29141c7c9d,FDX_Q4-2025,"Yes, Fred was absolutely on the side of free trade.",boilerplate,0,3,False,3,0.9233333333333333,0.025166114784235794,False,boilerplate,boilerplate,boilerplate,0.9,0.95,0.92,0.047763701528310776,0,0.047763701528310776
d38586957a3c,WFC_Q3-2025,"The first, you mentioned third-party spend in your prepared remarks.",boilerplate,0,3,False,3,0.89,0.036055512754639925,False,boilerplate,boilerplate,boilerplate,0.9,0.92,0.85,0.04671068862080574,0,0.04671068862080574
17dc2718ec6d,JPM_Q3-2025,So it's almost a dishonest disclosure of these numbers.,boilerplate,0,3,False,3,0.7233333333333333,0.1167618659209133,False,boilerplate,boilerplate,boilerplate,0.7,0.85,0.62,0.04646207392215729,0,0.04646207392215729
48bd43a9ed25,JNJ_Q2-2025,We've had really great momentum in the Oncology pipeline.,boilerplate,0,3,False,3,0.7666666666666666,0.14433756729740646,False,boilerplate,boilerplate,boilerplate,0.6,0.85,0.85,0.04568761587142944,0,0.04568761587142944
5d3b6f7291e2,BLK_Q1-2026,But are you seeing any change in sovereign wealth behavior as they think about allocations?,boilerplate,0,3,False,3,0.88,0.05291502622129186,False,boilerplate,boilerplate,boilerplate,0.9,0.92,0.82,0.04542180150747299,0,0.04542180150747299
2af0dd900997,C_Q2-2025,And the final point I'd make is that we're not just looking at these investment dollars without teasing out opportunities to extract efficiencies from them.,boilerplate,0,3,False,3,0.8233333333333334,0.11239810200058246,False,boilerplate,boilerplate,boilerplate,0.7,0.92,0.85,0.04525729641318321,0,0.04525729641318321
b5abe7e7563b,AMD_Q4-2023,I think people just have different adoption cycles as they consider what they're trying to do in their road map.,boilerplate,0,3,False,3,0.88,0.06928203230275509,False,boilerplate,boilerplate,boilerplate,0.8,0.92,0.92,0.045022543519735336,0,0.045022543519735336
ea88ea4529f2,PLTR_Q2-2025,And where do you think there is still work to do?,boilerplate,0,3,False,3,0.9333333333333332,0.028867513459481253,False,boilerplate,boilerplate,boilerplate,0.9,0.95,0.95,0.04476224258542061,0,0.04476224258542061
49fb6222f953,PLTR_Q4-2023,"We are razor, we are white hot in recruiting.",boilerplate,0,3,False,3,0.7999999999999999,0.08660254037844388,False,boilerplate,boilerplate,boilerplate,0.7,0.85,0.85,0.044433992356061935,0,0.044433992356061935
c70ee84a646d,FAST_Q4-2024,"And other than the factor I already mentioned, is there any other call out for this year in particular?",boilerplate,0,3,False,3,0.9233333333333333,0.025166114784235794,False,boilerplate,boilerplate,boilerplate,0.9,0.95,0.92,0.044070739299058914,0,0.044070739299058914
11fcada65211,NKE_Q4-2025,I know you're going to be on board there in late July.,boilerplate,0,3,False,3,0.9400000000000001,0.03605551275463986,False,boilerplate,boilerplate,boilerplate,0.9,0.95,0.97,0.04394577816128731,0,0.04394577816128731
0b65465fae12,GS_Q4-2025,"We have a long history of prudent and dynamic capital management, and our philosophy remains unchanged.",boilerplate,0,3,False,3,0.8666666666666666,0.14433756729740646,False,boilerplate,boilerplate,boilerplate,0.7,0.95,0.95,0.04278768226504326,0,0.04278768226504326
e1bdbf2d4b36,AVGO_Q4-2024,"So yes, the focus will be on paying down debt.",boilerplate,1,2,False,1,0.7166666666666667,0.12583057392117916,False,boilerplate,boilerplate,substantive,0.7,0.85,0.6,0.04262803867459297,0,0.04262803867459297
d1da833641f6,INTC_Q4-2024,Just so we -- I'm modeling it correctly.,boilerplate,0,3,False,3,0.9333333333333332,0.028867513459481253,False,boilerplate,boilerplate,boilerplate,0.9,0.95,0.95,0.042441077530384064,0,0.042441077530384064
9768026bbd4d,FDX_Q1-2025,"Before I close, I would like to congratulate Mark Allen, our General Counsel and Secretary, on his upcoming retirement.",boilerplate,0,3,False,3,0.9400000000000001,0.03605551275463986,False,boilerplate,boilerplate,boilerplate,0.9,0.95,0.97,0.042391397058963776,0,0.042391397058963776
52cc9876f817,NKE_Q3-2024,"Decade after decade, we've developed new breakthroughs in Air.",boilerplate,0,3,False,3,0.8466666666666667,0.12701705922171772,False,boilerplate,boilerplate,boilerplate,0.7,0.92,0.92,0.04235561564564705,0,0.04235561564564705
90c5d3989676,NVDA_Q3-2026,And we've also been working closely with them on the financial aspects of it and securing forecasts and plans and so on and so forth.,boilerplate,0,3,False,3,0.8133333333333334,0.11015141094572209,False,boilerplate,boilerplate,boilerplate,0.7,0.92,0.82,0.042222995311021805,0,0.042222995311021805
e81acd7d2b63,WFC_Q4-2025,The business -- the risk appetite that we've had continues to be the same level of risk appetite.,boilerplate,0,3,False,3,0.8566666666666668,0.060277137733417085,False,boilerplate,boilerplate,boilerplate,0.8,0.92,0.85,0.04189353808760643,0,0.04189353808760643
716762eb2123,BLK_Q1-2024,"It comes from organizational design, global footprinting using some of our innovation hubs around the world.",boilerplate,0,3,False,3,0.7333333333333334,0.12583057392117916,False,boilerplate,boilerplate,boilerplate,0.6,0.85,0.75,0.040685009211301804,0,0.040685009211301804
208195d2dbf2,GS_Q1-2026,So let's just start there when we're talking about capital and capital flows to put that in some perspective.,boilerplate,0,3,False,3,0.88,0.06928203230275509,False,boilerplate,boilerplate,boilerplate,0.8,0.92,0.92,0.04013156518340111,0,0.04013156518340111
492abda0869c,BLK_Q3-2025,The sooner we could get young people to be investing in their retirement fund.,boilerplate,0,3,False,3,0.7666666666666666,0.14433756729740646,False,boilerplate,boilerplate,boilerplate,0.6,0.85,0.85,0.03994240611791611,0,0.03994240611791611
29a211c16786,JPM_Q1-2024,"It's not reflecting, I don't think, a real fear out there in the global geopolitical world.",boilerplate,0,3,False,3,0.8133333333333334,0.11015141094572209,False,boilerplate,boilerplate,boilerplate,0.7,0.92,0.82,0.039629045873880386,0,0.039629045873880386
5a65965ed456,FDX_Q4-2024,"I'm confident that under Wouter's leadership, the team will continue to advance DRIVE initiatives to support improved performance.",boilerplate,0,3,False,3,0.8466666666666667,0.12701705922171772,False,boilerplate,boilerplate,boilerplate,0.7,0.92,0.92,0.03933051973581314,0,0.03933051973581314
5fa46cb5d78c,GS_Q1-2024,"And just given some of the recent price coverage, maybe just speak to your growth ambitions in the private credit space more broadly.",boilerplate,0,3,False,3,0.7999999999999999,0.08660254037844388,False,boilerplate,boilerplate,boilerplate,0.7,0.85,0.85,0.03932279348373413,0,0.03932279348373413
3c8869984d83,AMD_Q3-2024,And what should we be thinking about in terms of potential headwinds as well?,boilerplate,0,3,False,3,0.9333333333333332,0.028867513459481253,False,boilerplate,boilerplate,boilerplate,0.9,0.95,0.95,0.039073098450899124,0,0.039073098450899124
d9881bef1fb9,JNJ_Q2-2025,"This concludes the sales and earnings portion of the call, and I will now turn the call over to John.",boilerplate,0,3,False,3,0.9633333333333333,0.023094010767585053,False,boilerplate,boilerplate,boilerplate,0.95,0.95,0.99,0.039004407823085785,0,0.039004407823085785
4b0c2e84f37f,INTC_Q1-2025,"I know firsthand the power of teamwork and this action is necessary to reinstill a more collaborative working environment, improving efficiency and boost innovation.",boilerplate,0,3,False,3,0.8133333333333334,0.18475208614068026,False,boilerplate,boilerplate,boilerplate,0.6,0.92,0.92,0.03858380764722824,0,0.03858380764722824
fbe0fc0107a5,PLTR_Q1-2025,"And without going into specific names, because these companies, in many case, are in the middle of transforming itself, but it -- I'm on the front line with everyone here, and it used to be 2 years ago that we might get a CEO, we might get a CIO, we might get someone to marketing.",boilerplate,0,3,False,3,0.8233333333333334,0.11239810200058246,False,boilerplate,boilerplate,boilerplate,0.7,0.92,0.85,0.03733137622475624,0,0.03733137622475624
231ea574e1a6,FDX_Q1-2026,"And that's what gives us the edge, especially as AI has now evolved and is moving quickly, the fuel for AI is data.",boilerplate,0,3,False,3,0.7666666666666666,0.14433756729740646,False,boilerplate,boilerplate,boilerplate,0.6,0.85,0.85,0.03731594979763031,0,0.03731594979763031
2019f7e03186,FAST_Q1-2024,But you just look at a lot of those indications as a sign that -- the steps that we've taken are beginning to take root.,boilerplate,0,3,False,3,0.8466666666666667,0.12701705922171772,False,boilerplate,boilerplate,boilerplate,0.7,0.92,0.92,0.037046030163764954,0,0.037046030163764954
188939310510,FAST_Q3-2025,"And I was sitting and thinking, as Jeff and Sheryl were talking, what's kind of nice for me right now is we put up a great quarter.",boilerplate,0,3,False,3,0.8233333333333333,0.1939931270260195,False,boilerplate,boilerplate,boilerplate,0.6,0.92,0.95,0.036753762513399124,0,0.036753762513399124
7ba68fa1ba87,PLTR_Q3-2025,"And I'll let Shyam talk about what we're doing on the battlefield to the extent that he can, but you see the very similar trajectory where we're giving America both in industry and in government, a massive unfair advantage.",boilerplate,0,3,False,3,0.7333333333333334,0.12583057392117916,False,boilerplate,boilerplate,boilerplate,0.6,0.85,0.75,0.03565751016139984,0,0.03565751016139984
5b63dbbb1bda,FAST_Q1-2026,"Answer Executives - Senior EVP & CFO No, Patrick, we don't believe that is the case.",boilerplate,0,3,False,3,0.89,0.036055512754639925,False,boilerplate,boilerplate,boilerplate,0.9,0.92,0.85,0.03550902381539345,0,0.03550902381539345
5e1fcb628498,FDX_Q3-2025,"If you could just talk about that relative to where you were last year and where you are now, that would be helpful.",boilerplate,0,3,False,3,0.9333333333333332,0.028867513459481253,False,boilerplate,boilerplate,boilerplate,0.9,0.95,0.95,0.03491929545998573,0,0.03491929545998573
b41a721a7945,GS_Q4-2024,"And while we have made progress, we believe there are significant opportunities to drive further efficiencies across our business.",boilerplate,0,3,False,3,0.8466666666666667,0.12701705922171772,False,boilerplate,boilerplate,boilerplate,0.7,0.92,0.92,0.03482202813029289,0,0.03482202813029289
87b8c3021405,FAST_Q4-2023,Now an Onsite might be we're physically inside the customer's facility.,boilerplate,1,2,False,1,0.7166666666666667,0.12583057392117916,False,boilerplate,boilerplate,substantive,0.7,0.85,0.6,0.03463226929306984,0,0.03463226929306984
64d59c373a33,NKE_Q3-2026,We had been servicing our consumers with a direct-to-consumer model.,boilerplate,1,2,False,1,0.7166666666666667,0.12583057392117916,False,boilerplate,boilerplate,substantive,0.7,0.85,0.6,0.034509994089603424,0,0.034509994089603424
7a7e51443da0,C_Q4-2023,"We're seeing improved confidence among CEOs and we like our pipeline, but of course, the timing for a robust recovery is uncertain.",boilerplate,0,3,False,3,0.7899999999999999,0.07937253933193772,False,boilerplate,boilerplate,boilerplate,0.7,0.85,0.82,0.03440943732857704,0,0.03440943732857704
4348570bd26e,AMD_Q4-2023,They continue to execute extremely well.,boilerplate,0,3,False,3,0.8399999999999999,0.2080865204668481,False,boilerplate,boilerplate,boilerplate,0.6,0.95,0.97,0.034244291484355927,0,0.034244291484355927
0771390edde2,NKE_Q2-2026,"We've been investing in marketing, and we feel good about where we've leveled our brand marketing investment.",boilerplate,0,3,False,3,0.88,0.06928203230275509,False,boilerplate,boilerplate,boilerplate,0.8,0.92,0.92,0.03403077647089958,0,0.03403077647089958
b24ba952461c,INTC_Q2-2024,We've uncovered quite a lot of areas where we don't leverage industry IPs.,boilerplate,1,2,False,1,0.6999999999999998,0.14999999999999997,False,boilerplate,boilerplate,substantive,0.7,0.85,0.55,0.033984266221523285,0,0.033984266221523285
d2e0a18d7b60,AVGO_Q3-2024,"Right now, I'm having my hands really full and enjoying myself doing it, on really turning, transforming the business model of VMware.",boilerplate,0,3,False,3,0.8233333333333334,0.11239810200058246,False,boilerplate,boilerplate,boilerplate,0.7,0.92,0.85,0.033900924026966095,0,0.033900924026966095
bed5cd89d8e1,WFC_Q4-2023,Or have things not changed that meaningfully yet?,boilerplate,0,3,False,3,0.9333333333333332,0.028867513459481253,False,boilerplate,boilerplate,boilerplate,0.9,0.95,0.95,0.03378748148679733,0,0.03378748148679733
5b2e53c7ba06,NKE_Q3-2026,"Executives - CEO, President & Director Matthew, let me take -- so I think the easiest answer on sportswear is that it will remain a very large part of the overall industry and it will be critical to our success moving forward.",boilerplate,0,3,False,3,0.7466666666666666,0.06429100507328636,False,boilerplate,boilerplate,boilerplate,0.7,0.72,0.82,0.033679042011499405,0,0.033679042011499405
641e2d1db26a,BLK_Q4-2024,"We've discussed this transition over a number of months, and he will be with us through spring, and I want to take a moment to recognize and thank Mark.",boilerplate,0,3,False,3,0.93,0.03605551275463986,False,boilerplate,boilerplate,boilerplate,0.9,0.92,0.97,0.0328948013484478,0,0.0328948013484478
a10784dbafdd,C_Q4-2023,We'll still have areas that we're investing.,boilerplate,0,3,False,3,0.8466666666666667,0.12701705922171772,False,boilerplate,boilerplate,boilerplate,0.7,0.92,0.92,0.0328364335000515,0,0.0328364335000515
1f24db442054,WFC_Q4-2024,"But as we start the new year, I'm enthusiastic about the opportunities we have to drive higher returns across our businesses by growing revenue and managing expenses.",boilerplate,0,3,False,3,0.8233333333333333,0.1939931270260195,False,boilerplate,boilerplate,boilerplate,0.6,0.92,0.95,0.03249575197696686,0,0.03249575197696686
f7287504b774,WFC_Q1-2025,"First, on the venture portfolio, what you saw was a couple of things in that portfolio.",boilerplate,0,3,False,3,0.79,0.115325625946708,False,boilerplate,boilerplate,boilerplate,0.7,0.92,0.75,0.03234240040183067,0,0.03234240040183067
4f621900e305,JNJ_Q4-2025,So just thinking about how you might implement that across your development portfolio and what that could mean for time lines.,boilerplate,0,3,False,3,0.8233333333333334,0.11239810200058246,False,boilerplate,boilerplate,boilerplate,0.7,0.92,0.85,0.03208157792687416,0,0.03208157792687416
40250598d363,NKE_Q1-2026,"So hopefully, that helps provide a little bit of dimension on some of the seasonality.",boilerplate,0,3,False,3,0.8566666666666668,0.1365039681962885,False,boilerplate,boilerplate,boilerplate,0.7,0.92,0.95,0.03192482516169548,0,0.03192482516169548
c1164cb49348,GS_Q3-2024,"From everything we know, there are generally time lines associated with those rules coming into effect.",boilerplate,0,3,False,3,0.7666666666666666,0.07637626158259735,False,boilerplate,boilerplate,boilerplate,0.7,0.85,0.75,0.03160864859819412,0,0.03160864859819412
eeb295887a60,PLTR_Q2-2025,"So I'm very, very proud of this quarter.",boilerplate,0,3,False,3,0.9466666666666667,0.04509249752822893,False,boilerplate,boilerplate,boilerplate,0.9,0.95,0.99,0.03160643205046654,0,0.03160643205046654
a35c43c51437,AVGO_Q3-2024,"Question Analysts - MD in Equity Research & Senior Semiconductor Analyst Just a clarification, Hock, and then the question.",boilerplate,0,3,False,3,0.9566666666666667,0.011547005383792525,False,boilerplate,boilerplate,boilerplate,0.95,0.95,0.97,0.03159857541322708,0,0.03159857541322708
288def3550c0,GS_Q1-2026,I think there's going to continue to be some noise around the retail space.,boilerplate,0,3,False,3,0.8233333333333334,0.11239810200058246,False,boilerplate,boilerplate,boilerplate,0.7,0.92,0.85,0.031336765736341476,0,0.031336765736341476
67c4ebe1448c,NVDA_Q2-2026,And so open source model's really important for enterprise.,boilerplate,0,3,False,3,0.7566666666666667,0.13650396819628846,False,boilerplate,boilerplate,boilerplate,0.6,0.85,0.82,0.031297340989112854,0,0.031297340989112854
749ad45c5b5d,PLTR_Q4-2023,Europe has decided that they are not going to engage in this revolution.,boilerplate,1,2,False,1,0.7166666666666667,0.12583057392117916,False,boilerplate,boilerplate,substantive,0.7,0.85,0.6,0.03108719363808632,0,0.03108719363808632
eb35b4ffdf8f,FAST_Q2-2024,"And so at the end of the day, I think that we need more discipline among our contract sellers and more discipline in our field personnel and they need to trust the tools because the tools are in great shape.",boilerplate,1,2,False,1,0.7466666666666666,0.06429100507328636,False,boilerplate,substantive,boilerplate,0.7,0.72,0.82,0.030639199540019035,0,0.030639199540019035
df1cc6f8dd65,JNJ_Q1-2024,"Innovation continues to be a main priority for the company, as demonstrated by our industry-leading R&D spend.",boilerplate,1,2,False,1,0.7233333333333333,0.12503332889007368,False,boilerplate,substantive,boilerplate,0.6,0.72,0.85,0.030439767986536026,0,0.030439767986536026
6f289f19611d,INTC_Q3-2025,"So I think, first of all, I think with the AI driving a lot of growth, we definitely want to play in that.",boilerplate,0,3,False,3,0.8233333333333334,0.11239810200058246,False,boilerplate,boilerplate,boilerplate,0.7,0.92,0.85,0.030373653396964073,0,0.030373653396964073
79023f694e18,PLTR_Q1-2024,"If you can do better than this buy it yourself, build it yourself, acquire it from other people.",boilerplate,0,3,False,3,0.7566666666666665,0.08144527815247078,False,boilerplate,boilerplate,boilerplate,0.7,0.85,0.72,0.03019087389111519,0,0.03019087389111519
861359bc8243,JPM_Q4-2024,"I'm not -- we're not predicting that, but you just asked where are those vulnerabilities.",boilerplate,0,3,False,3,0.8233333333333334,0.11239810200058246,False,boilerplate,boilerplate,boilerplate,0.7,0.92,0.85,0.02993912063539028,0,0.02993912063539028
e7c7dfb6e9e5,FAST_Q2-2025,"This call will be hosted by Dan Florness, our Chief Executive Officer; Jeff Watts, our President and Chief Sales Officer; and Sheryl Lisowski, our Interim Chief Financial Officer, Chief Accounting Officer and Treasurer.",boilerplate,0,3,False,3,0.9766666666666666,0.02309401076758505,False,boilerplate,boilerplate,boilerplate,0.95,0.99,0.99,0.029538996517658234,0,0.029538996517658234
c4c9c566930f,WFC_Q4-2024,"As a follow-up, and I apologize if this is putting the cart before the horse.",boilerplate,0,3,False,3,0.9566666666666667,0.011547005383792525,False,boilerplate,boilerplate,boilerplate,0.95,0.95,0.97,0.029536550864577293,0,0.029536550864577293
c686be413696,BLK_Q4-2024,We have a strong track record of investing in our business for growth and scale while expanding capability.,boilerplate,0,3,False,3,0.8666666666666666,0.14433756729740646,False,boilerplate,boilerplate,boilerplate,0.7,0.95,0.95,0.02919040247797966,0,0.02919040247797966
957fe2d3e59d,INTC_Q3-2024,So I'll say the first order of business is hold share and then regain share.,boilerplate,1,2,False,1,0.7166666666666667,0.12583057392117916,False,boilerplate,boilerplate,substantive,0.7,0.85,0.6,0.029063336551189423,0,0.029063336551189423
58d64eea5c0e,AVGO_Q4-2025,"Question Analysts - Managing Director & Semiconductor Analyst Hock, I want to go to something you touched on earlier about the TPUs going a little bit more to like a merchant go-to market to other customers.",boilerplate,0,3,False,3,0.8233333333333334,0.11239810200058246,False,boilerplate,boilerplate,boilerplate,0.7,0.92,0.85,0.02824299782514572,0,0.02824299782514572
c9e5153c5cf3,FAST_Q2-2024,I'd like to zoom out and maybe asking about some secular factors here.,boilerplate,0,3,False,3,0.9333333333333332,0.028867513459481253,False,boilerplate,boilerplate,boilerplate,0.9,0.95,0.95,0.02789570391178131,0,0.02789570391178131
ebd7c2737e75,C_Q4-2025,"And as we said, and you refer to the actual timing and structure of what we do is all going to be guided by several factors.",boilerplate,0,3,False,3,0.8466666666666667,0.12701705922171772,False,boilerplate,boilerplate,boilerplate,0.7,0.92,0.92,0.027882015332579613,0,0.027882015332579613
6e581cf4a33a,JPM_Q3-2025,"This administration is saying things and, from what we're seeing, transitioning to action quite quickly.",boilerplate,0,3,False,3,0.7566666666666667,0.1601041327803044,False,boilerplate,boilerplate,boilerplate,0.6,0.92,0.75,0.02774619311094284,0,0.02774619311094284
c6aeec798e59,FDX_Q3-2026,"Since we do have John and team on the line, I wanted to touch on the LTL business a little bit.",boilerplate,0,3,False,3,0.8133333333333334,0.18475208614068026,False,boilerplate,boilerplate,boilerplate,0.6,0.92,0.92,0.02759675122797489,0,0.02759675122797489
e6f282ae9a53,WFC_Q3-2025,"I think some of the technology subsectors, I think, we'll continue to look to add in people there.",boilerplate,0,3,False,3,0.8133333333333334,0.11015141094572209,False,boilerplate,boilerplate,boilerplate,0.7,0.92,0.82,0.027570731937885284,0,0.027570731937885284
a017357f7590,PLTR_Q4-2023,And we continue to support Ukraine's efforts directly and through allies.,boilerplate,0,3,False,3,0.8466666666666667,0.12701705922171772,False,boilerplate,boilerplate,boilerplate,0.7,0.92,0.92,0.027464697137475014,0,0.027464697137475014
c0b3021737ce,JNJ_Q4-2025,"Jennifer Taubert, Executive Vice President, Worldwide Chairman, Innovative Medicine; John Reed, Executive Vice President, Innovative Medicine Research & Development; and Tim Schmid, Executive Vice President, Worldwide Chairman, MedTech, will be joining us for Q&A.",boilerplate,0,3,False,3,0.9433333333333334,0.04041451884327378,False,boilerplate,boilerplate,boilerplate,0.9,0.95,0.98,0.02695813961327076,0,0.02695813961327076
2d24953ed3d6,FDX_Q3-2024,And we're also leveraging the capacity that we have.,boilerplate,0,3,False,3,0.8566666666666666,0.1365039681962885,False,boilerplate,boilerplate,boilerplate,0.7,0.95,0.92,0.02638663351535797,0,0.02638663351535797
253a7726f659,INTC_Q4-2024,"When it comes to external manufacturing, I've been pretty transparent about this in the way I think about it in my philosophy.",boilerplate,0,3,False,3,0.9133333333333334,0.011547005383792525,False,boilerplate,boilerplate,boilerplate,0.9,0.92,0.92,0.026329876855015755,0,0.026329876855015755
94b695e9eed0,FDX_Q2-2026,We remain committed to prudent capital allocation and maximizing stockholder returns.,boilerplate,0,3,False,3,0.8733333333333334,0.1504437879519568,False,boilerplate,boilerplate,boilerplate,0.7,0.95,0.97,0.026326637715101242,0,0.026326637715101242
a79a7fa27e05,JNJ_Q3-2025,Just to give you an idea of the strength of our Pharmaceutical business.,boilerplate,0,3,False,3,0.89,0.036055512754639925,False,boilerplate,boilerplate,boilerplate,0.9,0.92,0.85,0.02629890665411949,0,0.02629890665411949
162a769692c6,C_Q3-2024,Executives - CEO & Chair of the Board And all of this drives productivity and other benefits for our shareholders as well as making sure that we're strengthening Citi from the regulatory perspective.,boilerplate,0,3,False,3,0.7999999999999999,0.08660254037844388,False,boilerplate,boilerplate,boilerplate,0.7,0.85,0.85,0.02579491026699543,0,0.02579491026699543
d9138b74d4db,AMD_Q4-2025,So can you give us a sense maybe of the other pieces?,boilerplate,0,3,False,3,0.9333333333333332,0.028867513459481253,False,boilerplate,boilerplate,boilerplate,0.9,0.95,0.95,0.025658516213297844,0,0.025658516213297844
ae5a09e59d29,C_Q4-2025,"And then second, will you guys give us the announcement that all the regulatory approvals are in?",boilerplate,0,3,False,3,0.89,0.036055512754639925,False,boilerplate,boilerplate,boilerplate,0.9,0.92,0.85,0.025392848998308182,0,0.025392848998308182
1415b04201d6,AMD_Q2-2024,Question Analysts - Managing Director & Semiconductor Analyst And is the ARM side changing anything or not really?,boilerplate,0,3,False,3,0.9166666666666666,0.05773502691896257,False,boilerplate,boilerplate,boilerplate,0.95,0.95,0.85,0.025390049442648888,0,0.025390049442648888
e5b50160f4b0,GS_Q2-2025,I feel very confident about the forward trajectory of Goldman Sachs.,boilerplate,0,3,False,3,0.9400000000000001,0.03605551275463986,False,boilerplate,boilerplate,boilerplate,0.9,0.95,0.97,0.025302408263087273,0,0.025302408263087273
f878e9df7688,WFC_Q2-2024,We are also a different Wells Fargo in how we are executing on other strategic priorities to better serve our customers and help drive higher returns over time.,boilerplate,0,3,False,3,0.8133333333333334,0.18475208614068026,False,boilerplate,boilerplate,boilerplate,0.6,0.92,0.92,0.025291545316576958,0,0.025291545316576958
a999ae5389ef,GS_Q4-2023,"We continue to be a trusted adviser to our clients, to be an employer of choice for our people and to generate mid-teens returns through the cycle and strong total shareholder return.",boilerplate,1,2,False,1,0.8133333333333334,0.11015141094572209,True,substantive,boilerplate,boilerplate,0.7,0.92,0.82,0.025239650160074234,0,0.025239650160074234
84c018fb75ae,JPM_Q2-2024,"So first and foremost, we're looking to deploy the capital into organic or inorganic growth.",boilerplate,1,2,False,1,0.6833333333333332,0.14433756729740646,False,boilerplate,boilerplate,substantive,0.6,0.85,0.6,0.025044159963726997,0,0.025044159963726997
72496acab30b,FDX_Q3-2024,"As we move forward, we are managing the execution of Tricolor with the rigor and discipline of DRIVE, and this will be a key element to our success.",boilerplate,0,3,False,3,0.7566666666666667,0.13650396819628846,False,boilerplate,boilerplate,boilerplate,0.6,0.85,0.82,0.024402132257819176,0,0.024402132257819176
7cda88dbe4ba,FAST_Q2-2024,"Today, it's becoming increasingly clear that the changes we made in leadership, approach and focus are favorably impacting our ability to win new customers.",boilerplate,0,3,False,3,0.7666666666666666,0.14433756729740646,False,boilerplate,boilerplate,boilerplate,0.6,0.85,0.85,0.023856477811932564,0,0.023856477811932564
ae7536b5c414,JPM_Q4-2025,"I do think, if you look at things, the rising tide is lifting all boats a little bit.",boilerplate,0,3,False,3,0.8566666666666668,0.1365039681962885,False,boilerplate,boilerplate,boilerplate,0.7,0.92,0.95,0.023798925802111626,0,0.023798925802111626
09620c232020,FDX_Q4-2024,"And again, I do want to emphasize, very diversified base.",boilerplate,0,3,False,3,0.8466666666666667,0.12701705922171772,False,boilerplate,boilerplate,boilerplate,0.7,0.92,0.92,0.023698659613728523,0,0.023698659613728523
fb9f2f12abf3,FDX_Q3-2025,"Firstly, though, I just want to take this opportunity to thank the entire FedEx team for the performance that we have delivered here.",boilerplate,0,3,False,3,0.9466666666666667,0.04509249752822893,False,boilerplate,boilerplate,boilerplate,0.9,0.95,0.99,0.023630518466234207,0,0.023630518466234207
319a5864c2ca,INTC_Q1-2024,"And as we go into the second half of the year, we're engaging deeply with our customers today, our OEM partners, and we just see strength across the board, right?",boilerplate,1,2,False,1,0.7666666666666666,0.14433756729740646,True,substantive,boilerplate,boilerplate,0.6,0.85,0.85,0.02358049713075161,0,0.02358049713075161
6800a49902a7,GS_Q4-2023,"Question Analysts - Senior MD & Senior Research Analyst So I wanted to get a mark-to-market, you've been rightfully cautious, but optimistic on green shoots becoming reality in investment banking.",boilerplate,0,3,False,3,0.8233333333333334,0.11239810200058246,False,boilerplate,boilerplate,boilerplate,0.7,0.92,0.85,0.023474913090467453,0,0.023474913090467453
f0b7d688327c,FAST_Q2-2024,"It's Jeff and his team, it's Casey Miller stepping up in the U.S.",boilerplate,0,3,False,3,0.9,0.04999999999999999,False,boilerplate,boilerplate,boilerplate,0.9,0.95,0.85,0.022982364520430565,0,0.022982364520430565
772e5a213a7d,AVGO_Q1-2025,Can you just talk a little bit more about the trend you're seeing?,boilerplate,0,3,False,3,0.9566666666666667,0.011547005383792525,False,boilerplate,boilerplate,boilerplate,0.95,0.95,0.97,0.02274465747177601,0,0.02274465747177601
afda00888f35,AMD_Q3-2025,We're still working with our customers on the demand environment and sort of what the overall opportunity is.,boilerplate,0,3,False,3,0.8233333333333334,0.11239810200058246,False,boilerplate,boilerplate,boilerplate,0.7,0.92,0.85,0.02269883081316948,0,0.02269883081316948
0bbce7c1d923,AMD_Q4-2024,"I think from our standpoint, we also like very much the fact that we're big believers in open source.",boilerplate,0,3,False,3,0.8466666666666667,0.12701705922171772,False,boilerplate,boilerplate,boilerplate,0.7,0.92,0.92,0.02268555387854576,0,0.02268555387854576
338ebc491774,C_Q4-2025,"During my career here, I've seen Citi go through many different evolutions and face some very challenging times.",boilerplate,0,3,False,3,0.9400000000000001,0.03605551275463986,False,boilerplate,boilerplate,boilerplate,0.9,0.95,0.97,0.022449228912591934,0,0.022449228912591934
e138391b6cbf,JPM_Q4-2025,"Beyond that, the way we actually respond would have a lot to do with the details and I just don't think we have enough information at this point.",boilerplate,0,3,False,3,0.9133333333333334,0.011547005383792525,False,boilerplate,boilerplate,boilerplate,0.9,0.92,0.92,0.022196052595973015,0,0.022196052595973015
48e2801cf58b,NVDA_Q4-2025,"And so almost everything that a consumer service provides, AI is at the core of it.",boilerplate,0,3,False,3,0.79,0.16822603841260725,False,boilerplate,boilerplate,boilerplate,0.6,0.92,0.85,0.02186237834393978,0,0.02186237834393978
1cac895ee6d5,BLK_Q4-2025,iShares continues to be an innovation engine for BlackRock.,boilerplate,0,3,False,3,0.8233333333333334,0.11239810200058246,False,boilerplate,boilerplate,boilerplate,0.7,0.92,0.85,0.02165781892836094,0,0.02165781892836094
28a6f8ed62ca,GS_Q2-2025,"And then, of course, there's financial analysis around that, which really gets to what do you pay for it.",boilerplate,0,3,False,3,0.79,0.16822603841260725,False,boilerplate,boilerplate,boilerplate,0.6,0.92,0.85,0.02163640782237053,0,0.02163640782237053
6b616b0566be,NVDA_Q1-2025,"We're actually -- we also like our PowerPoint slides to look good, but we're delivering systems that perform at scale.",boilerplate,0,3,False,3,0.7999999999999999,0.08660254037844388,False,boilerplate,boilerplate,boilerplate,0.7,0.85,0.85,0.021579572930932045,0,0.021579572930932045
f44d18dd5d0b,WFC_Q2-2024,"Executives - CEO & Chairman So we're just trying to -- so we're reflective of what those opportunities are, but we've got to keep capacity for the reasons I mentioned.",boilerplate,0,3,False,3,0.7999999999999999,0.08660254037844388,False,boilerplate,boilerplate,boilerplate,0.7,0.85,0.85,0.02131429687142372,0,0.02131429687142372
db6800cd004c,FDX_Q2-2026,We've been very focused on our KPIs and our metrics within the sales organization.,boilerplate,0,3,False,3,0.84,0.12165525060596444,False,boilerplate,boilerplate,boilerplate,0.7,0.92,0.9,0.02116650715470314,0,0.02116650715470314
2732585c53ba,AVGO_Q4-2024,Question Analysts - Former MD & Senior Research Analyst Yes.,boilerplate,0,3,False,3,0.9633333333333333,0.023094010767585053,False,boilerplate,boilerplate,boilerplate,0.95,0.95,0.99,0.02093156799674034,0,0.02093156799674034
168d0e35b322,FAST_Q4-2023,"That speaks more, I believe, to the PMI index than anything else.",boilerplate,0,3,False,3,0.7799999999999999,0.12165525060596444,False,boilerplate,boilerplate,boilerplate,0.7,0.92,0.72,0.020513886585831642,0,0.020513886585831642
1f986c60e176,C_Q1-2024,Or is that accelerating or the same pace or what?,boilerplate,0,3,False,3,0.9333333333333332,0.028867513459481253,False,boilerplate,boilerplate,boilerplate,0.9,0.95,0.95,0.02049466222524643,0,0.02049466222524643
66fd7b7aa91b,FDX_Q4-2025,"Question Analysts - VP & Senior Equity Analyst And obviously, America lost a great business visionary and a Patriot over the weekend.",boilerplate,0,3,False,3,0.9400000000000001,0.03605551275463986,False,boilerplate,boilerplate,boilerplate,0.9,0.95,0.97,0.020183023065328598,0,0.020183023065328598
1a99a8828b81,BLK_Q3-2024,"And I believe as we look forward to delivering strong performance for our clients, we will create differentiated growth for you, our shareholders, in the coming years ahead.",boilerplate,0,3,False,3,0.9,0.08660254037844381,False,boilerplate,boilerplate,boilerplate,0.8,0.95,0.95,0.020162170752882957,0,0.020162170752882957
f7d68978ab14,WFC_Q2-2025,How that manifests itself in any given quarter is a little out of your control to some degree.,boilerplate,0,3,False,3,0.89,0.036055512754639925,False,boilerplate,boilerplate,boilerplate,0.9,0.92,0.85,0.01955084502696991,0,0.01955084502696991
d5ee6bb8b457,C_Q2-2025,"But when we think about the value of, let's say, Circle Payment Network does over time, they need to build a network.",boilerplate,0,3,False,3,0.7333333333333334,0.12583057392117916,False,boilerplate,boilerplate,boilerplate,0.6,0.85,0.75,0.019426817074418068,0,0.019426817074418068
90e000761c31,AVGO_Q4-2024,"I think you asked -- the first part was very similar to an earlier question, but I'd be pleased to clarify.",boilerplate,0,3,False,3,0.9400000000000001,0.03605551275463986,False,boilerplate,boilerplate,boilerplate,0.9,0.95,0.97,0.019398674368858337,0,0.019398674368858337
76be1dd74daa,C_Q1-2025,"We come in with a strong balance sheet, strong capital, strong liquidity.",boilerplate,0,3,False,3,0.8233333333333334,0.11239810200058246,False,boilerplate,boilerplate,boilerplate,0.7,0.92,0.85,0.019246459007263184,0,0.019246459007263184
76c2b83c1d87,INTC_Q1-2024,So the industry trends are in the right direction.,boilerplate,0,3,False,3,0.8566666666666668,0.1365039681962885,False,boilerplate,boilerplate,boilerplate,0.7,0.92,0.95,0.01922214962542057,0,0.01922214962542057
6e98e14c36e4,C_Q4-2024,we're making sure that focus and discipline is really getting installed or instilled into the DNA of Citi.,boilerplate,0,3,False,3,0.8466666666666667,0.12701705922171772,False,boilerplate,boilerplate,boilerplate,0.7,0.92,0.92,0.019025256857275963,0,0.019025256857275963
b05af0936ce9,PLTR_Q3-2024,"Some of it's boot camps, but some of it's just like, ""Hey, I used to work at a company.",boilerplate,0,3,False,3,0.8333333333333334,0.12583057392117916,False,boilerplate,boilerplate,boilerplate,0.7,0.95,0.85,0.018848251551389694,0,0.018848251551389694
ff7a1663fc56,INTC_Q4-2024,"In particular, in the U.S., it aligns with the government -- the U.S. government's interest as well.",boilerplate,0,3,False,3,0.8133333333333334,0.11015141094572209,False,boilerplate,boilerplate,boilerplate,0.7,0.92,0.82,0.0182635635137558,0,0.0182635635137558
23e1e9e05eed,FAST_Q4-2024,"When I look at these customers, they really value what we bring to the marketplace, and we've been incredibly successful.",boilerplate,0,3,False,3,0.8566666666666668,0.1365039681962885,False,boilerplate,boilerplate,boilerplate,0.7,0.92,0.95,0.018247053027153015,0,0.018247053027153015
2ef15334d9ba,GS_Q4-2023,David wants to make another one as well.,boilerplate,0,3,False,3,0.8733333333333334,0.1504437879519568,False,boilerplate,boilerplate,boilerplate,0.7,0.95,0.97,0.01784653216600418,0,0.01784653216600418
1d1ffb6290d1,INTC_Q1-2024,We continue to drive our process and products and AI innovations and delivering on our process technology and leadership road map.,boilerplate,0,3,False,3,0.8233333333333334,0.11239810200058246,False,boilerplate,boilerplate,boilerplate,0.7,0.92,0.85,0.0177764855325222,0,0.0177764855325222
45b558152a4f,C_Q1-2025,"So look, we're targeting a similar level.",boilerplate,0,3,False,3,0.79,0.115325625946708,False,boilerplate,boilerplate,boilerplate,0.7,0.92,0.75,0.01774732582271099,0,0.01774732582271099
ff6034cbaada,FAST_Q1-2024,And that actually proved to be pretty accurate.,boilerplate,0,3,False,3,0.8566666666666666,0.1365039681962885,False,boilerplate,boilerplate,boilerplate,0.7,0.95,0.92,0.017742406576871872,0,0.017742406576871872
e895c38222ee,NKE_Q2-2026,I've got to call Jordan out when we speak about North America.,boilerplate,0,3,False,3,0.8133333333333334,0.11015141094572209,False,boilerplate,boilerplate,boilerplate,0.7,0.92,0.82,0.01754295825958252,0,0.01754295825958252
b57fae44e20b,BLK_Q4-2025,"And then I think in the prepared remarks, you talked about model portfolios using private markets.",boilerplate,0,3,False,3,0.8466666666666667,0.12701705922171772,False,boilerplate,boilerplate,boilerplate,0.7,0.92,0.92,0.01696614921092987,0,0.01696614921092987
8c0bd6f570cc,JPM_Q2-2024,"So that's sort of the totality of the sort of options, I guess.",boilerplate,0,3,False,3,0.9400000000000001,0.03605551275463986,False,boilerplate,boilerplate,boilerplate,0.9,0.95,0.97,0.016913605853915215,0,0.016913605853915215
02882d051f6a,GS_Q4-2024,"I mean Denis, do you want to add anything around that?",boilerplate,0,3,False,3,0.9633333333333333,0.023094010767585053,False,boilerplate,boilerplate,boilerplate,0.95,0.95,0.99,0.016898855566978455,0,0.016898855566978455
5df4ff08472e,AMD_Q1-2025,"And we're certainly spending quite a bit of efforts trying to ensure that it's well understood, the importance of the overall ecosystem and having the rest of the world really adopt the U.S. ecosystem given our strength and leadership overall.",boilerplate,0,3,False,3,0.79,0.16822603841260725,False,boilerplate,boilerplate,boilerplate,0.6,0.92,0.85,0.016863545402884483,0,0.016863545402884483
26981f72d93c,NKE_Q3-2026,"We also recognize that the environment around us has become increasingly dynamic, and could experience unplanned volatility due to the disruption in the Middle East, rising oil prices, and other factors that could impact either input costs or consumer behavior.",boilerplate,1,2,False,1,0.7133333333333333,0.11015141094572202,False,boilerplate,boilerplate,substantive,0.6,0.72,0.82,0.016801638528704643,0,0.016801638528704643
0bb463330f69,NKE_Q1-2026,"Elliot, maybe could you help elaborate on some of the early wins under your belt that you cited notably the return to growth in North America and the material acceleration in running.",boilerplate,1,2,False,1,0.7899999999999999,0.07937253933193772,True,substantive,boilerplate,boilerplate,0.7,0.85,0.82,0.016801511868834496,0,0.016801511868834496
82c671041790,WFC_Q3-2025,And also note the comments in there that it's not our final destination relative to our targets either.,boilerplate,0,3,False,3,0.7899999999999999,0.07937253933193772,False,boilerplate,boilerplate,boilerplate,0.7,0.85,0.82,0.016728201881051064,0,0.016728201881051064
930ce2cff6fe,C_Q2-2024,It's using tools and capabilities to get areas addressed earlier.,boilerplate,0,3,False,3,0.7999999999999999,0.08660254037844388,False,boilerplate,boilerplate,boilerplate,0.7,0.85,0.85,0.01642489619553089,0,0.01642489619553089
cd5ab198b3b0,PLTR_Q2-2025,"Executives - Co-Founder, CEO & Director Well, as usual, I've been cautioned to be a little modest about our bombastic numbers, but honestly, there's no authentic way to be anything, but have enormous pride and gratefulness about these extraordinary numbers.",boilerplate,0,3,False,3,0.8233333333333333,0.11239810200058248,False,boilerplate,boilerplate,boilerplate,0.7,0.85,0.92,0.01630874164402485,0,0.01630874164402485
fe2e88c553e6,AMD_Q4-2025,"So I guess my question is, can you talk a little bit about what you've seen as far as customer engagements, how those might have expanded?",boilerplate,0,3,False,3,0.9133333333333334,0.011547005383792525,False,boilerplate,boilerplate,boilerplate,0.9,0.92,0.92,0.015944428741931915,0,0.015944428741931915
3b8575fce726,NVDA_Q1-2026,"Scaling out is easier to do, but scaling up is hard to do.",boilerplate,0,3,False,3,0.8133333333333334,0.11015141094572209,False,boilerplate,boilerplate,boilerplate,0.7,0.92,0.82,0.015811963006854057,0,0.015811963006854057
e479a5515709,FAST_Q1-2024,I was pleased to have the opportunity to go out there and celebrate tenure.,boilerplate,0,3,False,3,0.9400000000000001,0.03605551275463986,False,boilerplate,boilerplate,boilerplate,0.9,0.95,0.97,0.01569727621972561,0,0.01569727621972561
4fc81a3835e4,JNJ_Q1-2025,"Executives - Executive Vice President of Innovative Medicine and R&D And with Tec and Tau, John here, we're really just getting started.",boilerplate,0,3,False,3,0.8233333333333334,0.11239810200058246,False,boilerplate,boilerplate,boilerplate,0.7,0.92,0.85,0.015410836786031723,0,0.015410836786031723
07f2fd63bee0,NVDA_Q3-2026,The world doesn't have an excess of anything to squander.,boilerplate,0,3,False,3,0.8566666666666666,0.1365039681962885,False,boilerplate,boilerplate,boilerplate,0.7,0.95,0.92,0.01540237944573164,0,0.01540237944573164
1b2639734e3a,INTC_Q4-2025,"With that, thank you again for joining us today.",boilerplate,0,3,False,3,0.9766666666666666,0.02309401076758505,False,boilerplate,boilerplate,boilerplate,0.95,0.99,0.99,0.015295226126909256,0,0.015295226126909256
c50ac20db936,NKE_Q2-2025,"And so the shift is going to take time, but I'm really confident in Tom and his team's ability to execute across product brand marketplace and to get North America back to growth.",boilerplate,0,3,False,3,0.7899999999999999,0.07937253933193772,False,boilerplate,boilerplate,boilerplate,0.7,0.85,0.82,0.015151086263358593,0,0.015151086263358593
7555e9096382,GS_Q1-2025,And they'd obviously like less uncertainty so they can have a better window into predicting the future.,boilerplate,0,3,False,3,0.9233333333333333,0.025166114784235794,False,boilerplate,boilerplate,boilerplate,0.9,0.95,0.92,0.015059324912726879,0,0.015059324912726879
f3a0baa41205,FAST_Q4-2024,"But the other thing I think to think about is where we're genuinely special in the marketplace is in engaging with customers that have very large, very complex supply chains.",boilerplate,1,2,False,1,0.6999999999999998,0.14999999999999997,False,boilerplate,boilerplate,substantive,0.7,0.85,0.55,0.01500957366079092,0,0.01500957366079092
9ffbf573ec33,NKE_Q2-2026,Same thing is happening in the countries and key cities around the world.,boilerplate,0,3,False,3,0.8233333333333334,0.11239810200058246,False,boilerplate,boilerplate,boilerplate,0.7,0.92,0.85,0.014624441973865032,0,0.014624441973865032
a2f1441d15bc,NKE_Q2-2025,"Question and Answer Operator Message Operator - nan And everyone, that does conclude the question-and-answer session as well as today's conference.",boilerplate,0,3,False,3,0.9766666666666666,0.02309401076758505,False,boilerplate,boilerplate,boilerplate,0.95,0.99,0.99,0.014489397406578064,0,0.014489397406578064
5281931b85d1,AMD_Q2-2024,"Going into the second half of the year, I think we also feel good about it.",boilerplate,0,3,False,3,0.9333333333333332,0.028867513459481253,False,boilerplate,boilerplate,boilerplate,0.9,0.95,0.95,0.014365528710186481,0,0.014365528710186481
391644b83431,FAST_Q1-2026,And that determines how much you push back.,boilerplate,0,3,False,3,0.8666666666666666,0.14433756729740646,False,boilerplate,boilerplate,boilerplate,0.7,0.95,0.95,0.014226303435862064,0,0.014226303435862064
f904cbdc2ecf,JPM_Q3-2025,"So we'll refine it more next quarter, and we'll see how it goes.",boilerplate,0,3,False,3,0.9333333333333332,0.028867513459481253,False,boilerplate,boilerplate,boilerplate,0.9,0.95,0.95,0.014222560450434685,0,0.014222560450434685
ac3911cfd40a,FAST_Q1-2025,"To the entire Blue Team, I know I got this opportunity in part because of my outsider's perspective, but at the same time, you all challenged me to earn your trust and respect and you deserve that.",boilerplate,0,3,False,3,0.9400000000000001,0.03605551275463986,False,boilerplate,boilerplate,boilerplate,0.9,0.95,0.97,0.014202483929693699,0,0.014202483929693699
7e130463ff2c,WFC_Q4-2023,Question Analysts - Equity Analyst And can you expand on that a little bit?,boilerplate,0,3,False,3,0.9566666666666667,0.011547005383792525,False,boilerplate,boilerplate,boilerplate,0.95,0.95,0.97,0.014157324098050594,0,0.014157324098050594
c30459326eb9,BLK_Q4-2023,"And their Chairman and my friend and founder, Bayo Ogunlesi, is here with me, alongside with Rob and Martin.",boilerplate,0,3,False,3,0.9433333333333334,0.04041451884327378,False,boilerplate,boilerplate,boilerplate,0.9,0.95,0.98,0.013923745602369308,0,0.013923745602369308
173df4b96057,AMD_Q3-2025,And we certainly think we're well positioned to not only participate but participate in a very meaningful way across the sort of the demand environment here.,boilerplate,0,3,False,3,0.88,0.06928203230275509,False,boilerplate,boilerplate,boilerplate,0.8,0.92,0.92,0.013583549298346043,0,0.013583549298346043
4015c45ab8f9,GS_Q4-2024,We obviously have a new administration with that change.,boilerplate,0,3,False,3,0.8333333333333334,0.12583057392117916,False,boilerplate,boilerplate,boilerplate,0.7,0.95,0.85,0.01349648553878069,0,0.01349648553878069
220081b8c233,PLTR_Q1-2025,We continue to hear from customers that our software's impact is remarkably apparent.,boilerplate,0,3,False,3,0.8466666666666667,0.12701705922171772,False,boilerplate,boilerplate,boilerplate,0.7,0.92,0.92,0.01343622338026762,0,0.01343622338026762
0716c835b97f,JPM_Q4-2024,And we throw resources against that stuff as we do that.,boilerplate,0,3,False,3,0.8666666666666666,0.14433756729740646,False,boilerplate,boilerplate,boilerplate,0.7,0.95,0.95,0.013412987813353539,0,0.013412987813353539
f7dd76b9e1ca,NKE_Q1-2026,"From a football innovation and brand standpoint, we're ready to go.",boilerplate,0,3,False,3,0.8466666666666667,0.12701705922171772,False,boilerplate,boilerplate,boilerplate,0.7,0.92,0.92,0.013387639075517654,0,0.013387639075517654
1ba415ad5635,FAST_Q1-2025,We have been proactively engaging with our customers for several months.,boilerplate,0,3,False,3,0.8466666666666667,0.12701705922171772,False,boilerplate,boilerplate,boilerplate,0.7,0.92,0.92,0.012879003770649433,0,0.012879003770649433
097b96675677,INTC_Q3-2024,"Executives - Corporate Vice President of Corporate Planning & Investor Relations [Operator Instructions] With that, Jonathan, can we take the first question, please?",boilerplate,0,3,False,3,0.9633333333333333,0.023094010767585053,False,boilerplate,boilerplate,boilerplate,0.95,0.95,0.99,0.012819681316614151,0,0.012819681316614151
2b6b71920e56,NKE_Q3-2024,It really is a unique and great sensation.,boilerplate,0,3,False,3,0.9466666666666667,0.04509249752822893,False,boilerplate,boilerplate,boilerplate,0.9,0.95,0.99,0.012698803097009659,0,0.012698803097009659
ae19c1c2e0e8,GS_Q4-2024,There obviously can be variations in mix.,boilerplate,0,3,False,3,0.8466666666666667,0.12701705922171772,False,boilerplate,boilerplate,boilerplate,0.7,0.92,0.92,0.012409348972141743,0,0.012409348972141743
7537a44f3d83,FAST_Q3-2025,There was also some changes that we talked about on some pay programs we were making.,boilerplate,0,3,False,3,0.7233333333333333,0.12503332889007368,False,boilerplate,boilerplate,boilerplate,0.6,0.85,0.72,0.012271501123905182,0,0.012271501123905182
6961d9734ef7,FDX_Q2-2026,We're also focused on helping our customers and providing technical support to the regulators.,boilerplate,0,3,False,3,0.8233333333333334,0.11239810200058246,False,boilerplate,boilerplate,boilerplate,0.7,0.92,0.85,0.012243788689374924,0,0.012243788689374924
c7c0f091ae52,AVGO_Q2-2024,"Question and Answer Operator Message Operator - nan One moment for our next question, and that will come from the line of Toshiya Hari with Goldman Sachs.",boilerplate,0,3,False,3,0.9766666666666666,0.02309401076758505,False,boilerplate,boilerplate,boilerplate,0.95,0.99,0.99,0.012194959446787834,0,0.012194959446787834
5b50407466c9,JPM_Q2-2024,"Actually, I think that is the right list, Mike.",boilerplate,0,3,False,3,0.9400000000000001,0.03605551275463986,False,boilerplate,boilerplate,boilerplate,0.9,0.95,0.97,0.012188873253762722,0,0.012188873253762722
7b519451c76d,JNJ_Q1-2024,"Maybe talk about like larger tuck-in type transactions, either in your MedTech or Pharma business.",boilerplate,0,3,False,3,0.7899999999999999,0.07937253933193772,False,boilerplate,boilerplate,boilerplate,0.7,0.85,0.82,0.01200036145746708,0,0.01200036145746708
b3a311c72711,NVDA_Q1-2025,"Operator, could you please poll for questions?",boilerplate,0,3,False,3,0.9966666666666667,0.005773502691896262,False,boilerplate,boilerplate,boilerplate,1.0,0.99,1.0,0.011806320399045944,0,0.011806320399045944
