sentence_id,sentence,gold_label,vote_sub,vote_boi,is_tie,provider_split,sonnet_balanced__label,sonnet_skeptic__label,haiku_pattern__label,gpt_mini_balanced__label,suggested_label,override_reason,changed
459cb8f33fe5,"So to that point, we do disclose that, and so we would encourage everyone to look at that disclosure and as you project forward to think about that number as opposed to just the pieces because it will -- the mix will change depending on the rate environment.",substantive,2,2,True,True,substantive,substantive,boilerplate,boilerplate,boilerplate,tie_default_boi,True
0340bcd5c4ee,"And then finally, I will say this, just because the chip is designed doesn't mean it gets deployed.",substantive,2,2,True,True,substantive,substantive,boilerplate,boilerplate,boilerplate,tie_default_boi,True
89e85831afc7,And then it starts with like deposits and deposit mix and deposit pricing and then goes through the rest of where we think the assets sort of net out.,substantive,2,2,True,True,substantive,substantive,boilerplate,boilerplate,boilerplate,tie_default_boi,True
1ba41f0b3f08,"The sharp decrease sequentially, we're pleased with, as well as the year-over-year decrease.",substantive,2,2,True,True,substantive,boilerplate,substantive,boilerplate,boilerplate,tie_default_boi,True
ff009981a8f2,I'll also focus on our current expectations for 2025 and 2026.,substantive,2,2,True,True,substantive,substantive,boilerplate,boilerplate,boilerplate,tie_default_boi,True
59e97a957100,"As you'd expect, with everything going on, there's legal and accounting exercises that need to take place to get us through this next period, including June 1 date of One FedEx.",substantive,2,2,True,True,substantive,substantive,boilerplate,boilerplate,boilerplate,tie_default_boi,True
c0261be2f096,"But it's also the case, as you know, that there's -- the market's expectation is that QT is going to start slowing down at some point this year.",substantive,2,2,True,True,substantive,substantive,boilerplate,boilerplate,boilerplate,tie_default_boi,True
cfbd7f76cc0b,"And is there opportunity set for maybe pulling in some more deposits and reinvesting in securities, given the slightly improved long-end rates here?",substantive,2,2,True,True,substantive,boilerplate,substantive,boilerplate,boilerplate,tie_default_boi,True
1a39fae330da,"And on the networking side, do you think UALink or PCIe even has a chance of displacing SUE in 2027 when it's expected to ramp?",substantive,2,2,True,True,substantive,boilerplate,substantive,boilerplate,boilerplate,tie_default_boi,True
d7dee6c1f7af,"And at this point, to be honest, the pricing environment is fairly unremarkable, which is why we're not giving it as much time and energy in our dialogue.",substantive,2,2,True,True,substantive,substantive,boilerplate,boilerplate,boilerplate,tie_default_boi,True
556b9909bffa,"First, our aspirations, to be the top U.S. consumer and small business bank and wealth manager, providing industry-leading deposit, loan, investment and payments products, also to be the top U.S. bank to businesses of all sizes with the goal of being a top 5 U.S. investment bank.",substantive,2,2,True,True,substantive,substantive,boilerplate,boilerplate,boilerplate,tie_default_boi,True
848018e46691,Executives - Chairman & CEO I just would also say it may not be deposits.,substantive,1,3,False,False,substantive,boilerplate,boilerplate,boilerplate,boilerplate,3x_boi_no_metric,True
1d1d9976d5c6,"He talked about in 2024, a cost structure that was effectively managed.",substantive,1,3,False,False,substantive,boilerplate,boilerplate,boilerplate,boilerplate,3x_boi_no_metric,True
f6cdd83e99e9,"And then, of course, they want to know the capacity, the pricing, those are all in the discussion right now.",substantive,1,3,False,False,substantive,boilerplate,boilerplate,boilerplate,boilerplate,3x_boi_no_metric,True
db64194785f0,"And depending on where various pieces of regulation end up, we'll make whatever adjustments we need either to pricing or the mix of our businesses or look for other ways to serve our clients.",substantive,1,3,False,False,substantive,boilerplate,boilerplate,boilerplate,boilerplate,3x_boi_no_metric,True
f48bfb6acb82,"Can you offset it through pricing, product design?",substantive,1,3,False,False,substantive,boilerplate,boilerplate,boilerplate,boilerplate,3x_boi_no_metric,True
be917c0cf1b7,It tends to be a trade-off between the best possible pricing versus speed and uncertainty of execution.,substantive,1,3,False,False,substantive,boilerplate,boilerplate,boilerplate,boilerplate,3x_boi_no_metric,True
e5e8ca998cbd,And do you think it leads to a market share shift faster than we were expecting towards XPU from GPU?,substantive,1,3,False,False,substantive,boilerplate,boilerplate,boilerplate,boilerplate,3x_boi_no_metric,True
