sentence_id,sentence,gold_label,override_label,changed
013c18ba28ea,The U.S. consumer dynamics remain remarkably consistent with prior quarters.,boilerplate,boilerplate,False
01c5d54f6a98,We're bringing learnings from our U.S. offerings to help grow the ETF market in Europe and better serve our clients in this region.,substantive,substantive,False
0340bcd5c4ee,"And then finally, I will say this, just because the chip is designed doesn't mean it gets deployed.",boilerplate,substantive,True
0533c9b05a31,A lot of that stuff doesn't actually show up in the P&L.,boilerplate,boilerplate,False
093042895a4a,"I mean when you look at spreads, particularly on the commercial side, John, it's still very competitive.",substantive,substantive,False
09434d2446b4,"While we added innovation across our 5 key fields of play this quarter, it's not enough to offset the continued headwinds of our classic franchises.",substantive,substantive,False
09529bfa34d4,"Then even as they have this sizable savings at retirement, there's not much guidance about how to spend or not -- and how not to overspend these savings.",boilerplate,substantive,True
0973649b8cdb,"Our initiative with Great Gray, the collective trust company that we told you about earlier this year.",boilerplate,boilerplate,False
0b2a5f1e4a07,"We have taken a long bet over decades around the assumption that if we built the products that our partners -- most importantly, our partners in the West, most importantly, our partners in the U.S. -- ought to build, not what they wanted us to build, not what they mandated we should build, not what investors, venture capitalists or analysts were saying they reward us for building, that, that company would generate so much value that we would get a small percentage of that and we would end up as a massive significant and, much more importantly, impactful company that could power the West to its obvious innate superiority, expose things that weren't working, rebuild the whole infrastructure of a company.",boilerplate,boilerplate,False
0b2e1de1c9fa,"Obviously, the growth number in the fourth quarter, I mean, it was certainly higher than our model.",substantive,substantive,False
0b702b912913,But the primary challenge remains sluggish end markets.,substantive,substantive,False
0bb463330f69,"Elliot, maybe could you help elaborate on some of the early wins under your belt that you cited notably the return to growth in North America and the material acceleration in running.",boilerplate,boilerplate,False
0bc64f5cd197,We've been talking about optimizing use of capital revenue to RWA and the improvement all last year.,boilerplate,substantive,True
0bd4e250973e,"I mean obviously, we thought Q1 would be a trough and it turned out to be better.",substantive,substantive,False
0d84940a9ba4,"But you're right, you can look at it, gigawatts, which is the right way to look at it instead of dollars because that's how we sell our chips to.",substantive,substantive,False
0e269af65ef8,"Executives - Senior EVP & CFO And the good news is, right, we have a ton of excess capital.",substantive,substantive,False
0ea397954906,"With the proliferation of AI models, the raw AI labor supply is exploding.",boilerplate,boilerplate,False
0ec49d94d486,But the notion that the 10-year treasury has to go down is a false notion.,boilerplate,boilerplate,False
0ecc6f52212d,"Executives - Chief Revenue Officer & Chief Legal Officer We had a monumental third quarter, shattering expectations yet again.",boilerplate,substantive,True
0fe192b3960c,"They do infrastructure, they do real estate, they do credit.",substantive,substantive,False
1098bb01fa5e,"And then maybe the second quick question for either you or Charlie is, given that Broadcom's TPU, XPU programs from a performance complexity IP perspective are 12 to 18 months ahead of any of these COT programs, how does the Broadcom team widen this gap further?",substantive,substantive,False
10f795b2c0ff,"When we think about -- there's more updates coming on G-SIB, Basel Endgame probably over the coming months.",boilerplate,boilerplate,False
11a834eae02f,Those are not validated in our view under our model as customers.,boilerplate,boilerplate,False
11f8a96a9d32,"Number one, to begin with, we believe design win when we know our product is produced in scale -- at scale and is actually deployed, literally deployed in production.",substantive,substantive,False
13daa28d9b7e,"BlackRock is simultaneously a leading public markets manager, a scaled private markets platform and a global technology company.",boilerplate,boilerplate,False
14aa89ecacb8,I think there's room for material tailwinds around capital.,boilerplate,boilerplate,False
14d10d96c632,"I'd say, look, the short answer on the behavior side is not much has changed since in the last 3 weeks.",boilerplate,boilerplate,False
156b765c8f92,"There is this excessive cost built up that hopefully we can get rid of and will reduce the cost of the system, but it's not the brand new branches.",boilerplate,boilerplate,False
162a769692c6,Executives - CEO & Chair of the Board And all of this drives productivity and other benefits for our shareholders as well as making sure that we're strengthening Citi from the regulatory perspective.,boilerplate,boilerplate,False
168d0e35b322,"That speaks more, I believe, to the PMI index than anything else.",boilerplate,boilerplate,False
17dc2718ec6d,So it's almost a dishonest disclosure of these numbers.,boilerplate,boilerplate,False
18e340c8de9b,We are expanding our loan product offerings in line with client demand.,boilerplate,boilerplate,False
193ce06c5cdd,"Much of the focus on wealth vehicles like BDCs, interval funds and tender funds.",boilerplate,boilerplate,False
197bad4c3e0b,"Answer Executives - CEO & Chair of the Board Look, first of all, we continue to be on track with the preparation for the IPO, John.",boilerplate,boilerplate,False
19acf8d9a859,The new Xeon 6 is tailor-made to handle compute-intensive workloads with exceptional efficiency from edge to data center and cloud environments.,substantive,substantive,False
1a1ac8b2770d,But we expect the rate of growth of -- as we do more and more AI revenue to be so much that we get the operating leverage on our operating spending that operating margin will deliver dollars that are still high level of growth from what it has been.,substantive,substantive,False
1a39fae330da,"And on the networking side, do you think UALink or PCIe even has a chance of displacing SUE in 2027 when it's expected to ramp?",boilerplate,substantive,True
1a3af555659c,"And we have a very fiscally disciplined consumer base and, as I say, a very prime one.",boilerplate,boilerplate,False
1acee53f34a4,"All of those different industries are now getting engaged, and they're going to do their own fundraising.",boilerplate,boilerplate,False
1ba41f0b3f08,"The sharp decrease sequentially, we're pleased with, as well as the year-over-year decrease.",boilerplate,substantive,True
1bf10177d7ef,"So we spent a lot of time talking about the things that we've been doing to focus on growing noninterest revenues, which have been -- which we've been doing because there are strategic opportunities, not just because of the balance sheet.",boilerplate,substantive,True
1c1e5696c907,"But now that the asset cap's gone, we've got more opportunity to continue to do more with clients and that should create this good virtuous circle where they do more fee-based business with us as well.",substantive,boilerplate,True
1c573467115a,"On the Data Center GPU side, I realize everyone wants new customer announcements and 2025 guidance, but we're not going to get that, certainly not today.",boilerplate,substantive,True
1d0768570fde,It continues to be intense and we have both external and internal competition from higher-yielding alternatives and people sort of optimize that and the start of running the business.,boilerplate,boilerplate,False
1d1d9976d5c6,"He talked about in 2024, a cost structure that was effectively managed.",boilerplate,substantive,True
1d634cb132fd,"You have Eastern Europe, you have Germany, France, you have -- they're very different Europes.",boilerplate,boilerplate,False
1d7a49623992,"Question Analysts - Research Analyst I was wondering, you talked about the lower-than-normal second quarter EPS seasonality.",boilerplate,substantive,True
1d88bd9705dd,Revenue from our largest customers continues to expand.,boilerplate,substantive,True
1f0f93995498,"So in terms of 14A, realistically in terms of, I call it, the risk production in the later part of 2027 and real production, volume production in 2028.",substantive,substantive,False
1f1ad6d7ce3a,And so we've talked about how excess capital is earnings in store.,boilerplate,boilerplate,False
1f580599eb31,We will continue to aggressively fight in the court system each and every one of these meritless claims.,boilerplate,boilerplate,False
1f9f68879e84,"And depending on the status, I think, of legal and regulatory to more meaningful engage with our clients on exposures in the existing LifePath range.",boilerplate,boilerplate,False
1fee99eab6c7,"In the short term, I'm disappointed that we are not able to fully meet the demand in our markets.",boilerplate,boilerplate,False
1ff45aa14aa2,"Question Analysts - Former Managing Director The $60 billion to $90 billion SAM forecast for fiscal '27, Hock, I'm curious if you guys have a view on the TAM.",substantive,substantive,False
20318f871582,"And if you invest in our architecture today, without doing anything, it will go to more and more clouds and more and more data centers and everything just runs.",boilerplate,boilerplate,False
20c93c37a1ef,"I'm confident this change will result in us accelerating our Win Now actions by allowing our geography GMs to more closely shape our strategy, drive faster decisions and influence investments.",boilerplate,boilerplate,False
21df585fc180,The final rule will have a significant impact on the growth and competitiveness of the U.S. economy.,boilerplate,boilerplate,False
23a546f4c309,You've got a trough in the middle of the year and you've got a rough ballpark for the full year.,boilerplate,boilerplate,False
23c9b5ab7fed,"Our capital investment priorities will be on improving efficiency, modernizing facilities and optimizing our network.",boilerplate,boilerplate,False
2401c8cb684c,I think one of the concerns investors have is Citi was behind the curve in terms of franchise investments.,boilerplate,boilerplate,False
24416944651b,My visits to the geos the past few weeks only reinforced my conviction that we need to get back to empowering our teams in key countries and key cities.,boilerplate,boilerplate,False
25249a666b2b,"The first one is for inferencing, you need a whole lot less software compatibility, right?",substantive,substantive,False
261bd4530146,Is the purchasing structure of a European country actually allowed to bear the load of buying the best product?,boilerplate,boilerplate,False
26981f72d93c,"We also recognize that the environment around us has become increasingly dynamic, and could experience unplanned volatility due to the disruption in the Middle East, rising oil prices, and other factors that could impact either input costs or consumer behavior.",boilerplate,boilerplate,False
27413ea3102d,If -- there's nothing in there that I'm going to lose sleep over other than cautioning everybody in August to slow that down because it doesn't do anything for Q3.,boilerplate,boilerplate,False
28831d896ea7,"The investment we've made to strengthen and grow our global client franchise, including our emphasis on scaling capital-light businesses have materially enhanced the resilience of our firm.",boilerplate,boilerplate,False
28ce420d6f09,"Obviously, we have a variety of both capital and liquidity ratios that we manage to over time.",boilerplate,boilerplate,False
29adc88da363,"And we started doing that probably 5, 6 years later, and we've been doing that for many years In 2020 and 2021 because of COVID, we had to shut down the event.",substantive,substantive,False
2a9442708674,We anticipate some improvement in the pricing environment skewed toward the second half of the fiscal year.,substantive,substantive,False
2bb1516f3fba,"This is about sort of TCO for sort of the customer environment and sort of our performance and our performance per watt, our leadership.",boilerplate,boilerplate,False
2c25277fdb30,"Hock, good to see the positive growth inflection quarter-over-quarter, year-over-year growth rates in your AI business.",boilerplate,substantive,True
2f0196f99c5b,"On supply constraints, is it a multitude of componentry that's causing this or is it specifically CoWoS, HBM?",substantive,substantive,False
305c242b6238,"If you need it faster than that, we can ship it overnight, but that gets expensive.",boilerplate,boilerplate,False
30e7d0eeb03f,As we move the Intel 43 capacity into Ireland.,substantive,substantive,False
3153064e7f96,And I would just throw out -- we've made several leadership changes during the quarter.,substantive,substantive,False
319a5864c2ca,"And as we go into the second half of the year, we're engaging deeply with our customers today, our OEM partners, and we just see strength across the board, right?",boilerplate,boilerplate,False
32793448d86e,"And then just separately, if we look at the delinquencies for the home lending, the increase both 2Q and year-over-year, is that just some of the noise from the First Republic deal as you take the marks upfront and then those portfolios essentially re-season from an accounting point of view?",substantive,substantive,False
32ffc8876d96,Everything about the G-SIB surcharge and Basel endgame.,boilerplate,boilerplate,False
33696859215a,The AIPC category is transforming every aspect of the compute experience and Intel is at the forefront of this category creating moment.,boilerplate,boilerplate,False
33a8f63683a4,Some of it would be digital artist intelligence like Runway.,boilerplate,boilerplate,False
347b34046cec,More and more customers are expanding their work with us due to AIP and the incredible traction our software has within their organizations.,substantive,substantive,False
34a8e4dd45cb,"To get the AI to actually work in an enterprise, you have to re-segment, re-concatenate the large language models in a way where the use case is thin enough that they can actually provide exact enough information.",substantive,substantive,False
356c003c8feb,So I think there's an opportunity for us to continue to gain share as we go through 2024.,boilerplate,boilerplate,False
35cf82e6bd1c,That our ecosystem partners the world-leading IT companies used to help companies customize AI models and build bespoke AI applications.,substantive,substantive,False
36e9e5d0f757,"Some of the merchant guys obviously are also in the hyperscaler today, but there's a process, obviously, of a transition going on.",substantive,substantive,False
3778a51456f4,Executives - Chairman & CEO It's one example of like really bad accounting.,boilerplate,boilerplate,False
38924f6ab7b1,"As that stack grows to include 6G and quantum, U.S. global infrastructure leadership is at stake.",substantive,substantive,False
39117a2f641b,"And given that it's a monobrand market, as Elliott mentioned, it's going to take us time to execute the Win Now in China.",boilerplate,boilerplate,False
393904b19a28,Liquid cooling is going to save data centers a lot of money in provisioning power and not to mention to be more energy efficient.,substantive,substantive,False
399a2b1bd730,The Indian market remains largely untapped and is today a country of savers rather investors.,substantive,substantive,False
3a4614a3fc6f,"Gotham's new suite of integrated capabilities, platform-run Foundry, met their moment.",boilerplate,boilerplate,False
3b32e9187f8b,"We continue to maintain solid liquidity, but despite meaningful capital spending offsets.",boilerplate,boilerplate,False
3b8575fce726,"Scaling out is easier to do, but scaling up is hard to do.",boilerplate,boilerplate,False
3c3838ae8f0d,"So I mean it's a big focus for us next year and we definitely see that to be becoming an increasing number as we move forward, especially in the latter half of '26.",boilerplate,boilerplate,False
3c4dafa5a0ab,"We invest first either to scale strategic growth initiatives or drive operational efficiency, and then return excess cash to our shareholders through a combination of dividends and share repurchases.",substantive,substantive,False
3d7ef2dbb11f,"And given our leadership position in China, we are seeing that as a short-term tailwind.",substantive,substantive,False
3d8198fb5cc6,"Beginning with Innovative Medicine, where our results demonstrate the depth of our expertise in Oncology, Immunology and Neuroscience.",substantive,substantive,False
3e6464306b88,"And the yield curve, if you have a recession, the effect of the yield curve will be very different than if you have continued growth.",boilerplate,boilerplate,False
3f2d11ac9008,Generative AI frontier model makers are racing to scale to the next AI plateau to increase model safety and IQ.,boilerplate,boilerplate,False
3f7c8a013abf,"So how are you going to get the customers off of the older products where they haven't shown any desire to get off of them so far, even given the constraints that they've been under?",boilerplate,boilerplate,False
3ff760e939cf,But what you saw was an incredible leaning down of our operating expenses.,boilerplate,boilerplate,False
4101505d69f7,"And we're trying to turn around our business across 3 brands, multiple sports in 4 geographies.",substantive,substantive,False
410c44eceb71,"Our -- when I look at the daily sales rate for September, it really, I believe, points to some very good changes and alignment and some personnel moves that we've made in the last 12 to 18 months, and I credit Jeff Watts and his team for some really smart moves.",boilerplate,boilerplate,False
42493d80edc4,"And as Dave said, Lunar Lake and Panther Lake only make our market position stronger.",boilerplate,boilerplate,False
4266cc806c98,"We have a long history of good integration, whether it's the integration of BGI, [ Malin ], Aperio, eFront.",substantive,substantive,False
427f49056212,"I guess maybe building on the latter point that you just made, I'm curious of how you would characterize your supply chain having evolved now talking about $5-plus billion.",substantive,substantive,False
43f192a4c531,"I also hope that you would then see that as we deliver on the expense target that we have a path to continuing to deliver on the medium-term expense target, the drivers of which I mentioned earlier.",boilerplate,boilerplate,False
4401add0a7b5,"Our outlook assumes the S&P 500 will be up modestly from current levels, but clearly, the ultimate performance of the markets is uncertain.",boilerplate,boilerplate,False
455eb9019e8d,"I guess, I'm trying to understand if growth will accelerate next year on an adjusted operational basis, excluding the extra week?",boilerplate,boilerplate,False
459cb8f33fe5,"So to that point, we do disclose that, and so we would encourage everyone to look at that disclosure and as you project forward to think about that number as opposed to just the pieces because it will -- the mix will change depending on the rate environment.",boilerplate,substantive,True
45f096d449ba,"So yes, the answer is from a domestic priority perspective, that is where you will see the majority of the health care.",substantive,substantive,False
4661b7010f59,"In FY '24, we remained focused on reducing our capital intensity, increasing ROIC, and continuing to provide increased stockholder returns all while maintaining a strong balance sheet.",boilerplate,boilerplate,False
469d2d450444,"Question Analysts - Senior MD & Semiconductor Research Analyst I'm curious, how are you thinking about the move to disaggregate prefill and decode from the GPU ecosystem and the impact to custom silicon demand?",substantive,substantive,False
48f95b44e7e4,Can you talk about how material it was and what drove real estate gains during the quarter?,boilerplate,boilerplate,False
498c983e10f2,We're not giving out the guidance by business unit.,boilerplate,substantive,True
4a3464333a8a,"And based on what we see develop from the client franchise, we will make that assessment, we'll manage our capital to an appropriate buffer, but we're still certainly in a position to continue to return capital to shareholders.",boilerplate,boilerplate,False
4ab19cedb661,I talked about the momentum that is building in Running.,boilerplate,boilerplate,False
4d5b04cafa7a,"As such, a one-size-fits-all approach will not work, and I can see clear opportunities to leverage our core assets in new ways to drive the most compelling total cost of ownership across the continuum.",boilerplate,boilerplate,False
500a63afd844,And that is -- we call that Spectrum-X Ethernet.,boilerplate,boilerplate,False
50ed2b29bd0a,"Well, it means that -- first of all, that the way in which we view value is obviously no longer relevant, that the bottom of the stack somehow is where the value is lessened, and the top of the stack where we impregnate the world with AI with ontology and FDE and tribal knowledge, which is represented at this table, is actually where the value is created.",substantive,substantive,False
5167ef7609d7,Question Analysts - MD and Head of Semiconductors & Semiconductor Equipment I wanted to ask about how you're converting backlog into revenue.,boilerplate,substantive,True
51ac3d013940,"Our demand profile is broad, diverse and expanding beyond just chatbots.",boilerplate,boilerplate,False
53da9e52bfae,And I do think that the fact that the revenue performance in this quarter is good shouldn't make us lose focus on the importance of the larger fixes around financial resource deployment by regulated banks to supporting the capital markets ecosystem.,boilerplate,substantive,True
54001e3ce7df,We actually don't disclose the [ MFA ] sales at this point in time.,substantive,substantive,False
5411e4115163,"Executives - Chairman & CEO I understand the debt markets, rates came down, spreads are quite low and markets are wide open.",substantive,substantive,False
5506a492763e,"Starting last June, we aligned our organization to put the consumer and a sharp focus on sport back at the center of everything we do.",boilerplate,boilerplate,False
556b9909bffa,"First, our aspirations, to be the top U.S. consumer and small business bank and wealth manager, providing industry-leading deposit, loan, investment and payments products, also to be the top U.S. bank to businesses of all sizes with the goal of being a top 5 U.S. investment bank.",boilerplate,substantive,True
55e3315388f7,And so we tempered the closures really to -- because we felt that talent could slide over into the other -- into branches that are growing but also into this new Onsite growth element because we had the talent to move.,substantive,substantive,False
563059c9c670,Our product visibility goes well beyond 4 quarters.,boilerplate,boilerplate,False
5647b40e8a43,But you need to look at the efficiency ratio on a full year basis.,boilerplate,boilerplate,False
571f91023eec,By putting the power of an AI supercomputer in a desktop form factor.,boilerplate,boilerplate,False
58f9895c3cc6,The market downturn impacts millions of ordinary people's retirement savings.,boilerplate,substantive,True
59e97a957100,"As you'd expect, with everything going on, there's legal and accounting exercises that need to take place to get us through this next period, including June 1 date of One FedEx.",boilerplate,substantive,True
5bb889378dea,We have a couple of announcements of partnerships with other organizations in LatAm that we're working on.,boilerplate,boilerplate,False
5bdcc95d0bf0,"However, it did ease from where it was in the first quarter of 2024.",substantive,substantive,False
5c4d73d60eac,"We will continue to consider current market conditions, including interest rate movements, risk-weighted asset levels, stress test results as well as any potential economic uncertainty with respect to the amount and timing of share repurchases over the coming quarters.",substantive,substantive,False
5c9648ac032a,"We've actually deployed a lot of capital, some of those almost have been paid off, some of it's done.",substantive,substantive,False
5cd1d5e41cf5,"The one thing that I can emphasize that as we look at the difference between the Q1 and Q2 through Q4, the domestic momentum.",substantive,substantive,False
5d4e473b0f17,"And so the more compute that they can stand online, bring online, the faster their revenues will grow.",boilerplate,substantive,True
5d53f1a0db4f,"The last thing I'd flag is these strategies are contributing, I think, to fee yield improvement.",boilerplate,boilerplate,False
5dd5f66c3f4c,"While we are not providing specific full year guidance for 2024, let me provide some color.",boilerplate,substantive,True
5f9441da9db1,"Second thing on this slide, for me, Q3 was a quarter of profitable growth.",substantive,substantive,False
62a966c88874,"So those are trends we see today and a lot of it coming out of AI, a lot of it coming out of sensitive rules on sovereignty in cloud and data.",substantive,substantive,False
630b3e3a20e2,"Figure out what you need, surgically buy product based on cost components, but don't do a broad brush on this.",boilerplate,boilerplate,False
6318a962a694,"Therefore, a new approach is necessary for them to keep driving the cost down.",boilerplate,boilerplate,False
64368cc73849,"AIP is the AI-powered operating system for the enterprise, not a Q&A bot, not an agent framework, not a way to dabble, but a way to deliver.",substantive,substantive,False
6453fa355185,Or how do you think about the rest of the year on the buybacks.,boilerplate,substantive,True
64b228d06615,"The computing demand is just a lot higher, and so if we continue to believe there's value in it, and we'll talk about that in a second, then the world will invest to produce that token.",boilerplate,boilerplate,False
64d59c373a33,We had been servicing our consumers with a direct-to-consumer model.,boilerplate,boilerplate,False
65321d37b210,"As LLMs continue to improve, it only further accelerates the value realization and therefore, the value of our products.",boilerplate,boilerplate,False
657033f058e0,"Analysts - MD & Head of United States Bank Research Within your deposit growth expectations, within retail specifically, could you speak to geographies or products you're pushing the hardest and maybe where there's the biggest opportunity for growth over the coming years?",boilerplate,substantive,True
669272ddca78,And we don't see any meaningful changes across different affluence levels.,substantive,substantive,False
66f17f729791,"We are thrilled to partner with T. Rowe which, like Goldman Sachs, has a strong brand with a long track record of success across investing in capital markets and in producing strong investment returns for clients.",boilerplate,boilerplate,False
67d835b18717,"Networking is hot, but that doesn't mean XPU is any soften.",boilerplate,boilerplate,False
68714b825511,We've definitely been well below that in recent years.,boilerplate,boilerplate,False
68efdf256c65,All of these new concepts will come to the consumer in the back half of the year.,substantive,substantive,False
6936a84fe8f0,"I think the key point being, clearly, there's a desire to get on the latest and greatest GPUs when you're building new data center infrastructure.",boilerplate,boilerplate,False
6a344db73ee5,"And then just looking at your private markets flows, those sort of stepped up nicely sequentially as they did earlier in the year when you acquired GIP.",substantive,substantive,False
6af2b14e9712,"And what that is, is in Argentina, we have capital there.",substantive,substantive,False
6b9b5ca8c8f5,"And so when I think about the longer term, our goal is to return to sustainable organic revenue growth and to see the recovery of these transitory impacts that we've been talking about as we've been repositioning the business.",boilerplate,substantive,True
6beb2bbf6147,"But see, we do not focus very much on enterprise AI market, as you know well.",substantive,substantive,False
6d42935896a1,"Future, and we had kids lining up for that shoe.",boilerplate,boilerplate,False
6e581cf4a33a,"This administration is saying things and, from what we're seeing, transitioning to action quite quickly.",boilerplate,boilerplate,False
6e6af0de5f7d,"After a break in progress, inflation now appears back on a downward trajectory.",substantive,boilerplate,True
70bb48da5ab7,"The only difference between now and then is we know what we know now, and that is it's going to be a little bit lower than we thought, which frankly, is a good thing because it tells me we've probably put in more substitutions in place.",substantive,substantive,False
7133088c0728,"I'll now discuss our full year 2024 guidance, which excludes the recently announced acquisition of Shockwave.",substantive,substantive,False
716762eb2123,"It comes from organizational design, global footprinting using some of our innovation hubs around the world.",boilerplate,boilerplate,False
720e1e947d2b,I do not go into production as a rail customer at this point.,substantive,substantive,False
722296907601,"And they are the guys who would invest, who need to invest a lot initially, in my view, on training, training of ever larger and larger clusters of ever more capable accelerators.",boilerplate,boilerplate,False
732770e8592b,I will now comment on business sales performance in the quarter with a focus on the 6 areas Joaquin discussed that will drive significant growth for the enterprise.,boilerplate,boilerplate,False
732bd7ca3c77,"You see the same thing in the government, Shyam and others will talk about it, but our mission footprint, whether it's in Ukraine, Israel or in the United States government is stunning.",substantive,substantive,False
73e1d2956d40,Could it be a lot more than that in terms of your exit rate of MI for this year?,boilerplate,boilerplate,False
749ad45c5b5d,Europe has decided that they are not going to engage in this revolution.,boilerplate,boilerplate,False
751da47de00f,"If and when the private equity markets unlock itself and there's a little more distribution, maybe you could see some of that cash going out and re-risking.",boilerplate,boilerplate,False
7537a44f3d83,There was also some changes that we talked about on some pay programs we were making.,boilerplate,boilerplate,False
76202389d69f,"They want their portfolios to be more holistically blending public and private markets, active in an index.",boilerplate,boilerplate,False
765860ccced0,I totally agree with Jamie that there is no systematic risk come as long as we assume the every type of capital expenditures continue with good yield outlook.,boilerplate,boilerplate,False
76dcf08746d3,"And I'm assuming that as you come to the end of hiring all the new salespeople, there's going to be a ramp time until they start producing some fruits for their labor.",boilerplate,boilerplate,False
7826f5bf5a20,And it should very much not be a sort of goal-seeking exercise for some arbitrary number at the level of the system or for large banks or for small banks and certainly not for any given firm.,boilerplate,boilerplate,False
7a2dd44e623d,"Longer term, I just think as we continually improve our product portfolio, both in Foundry and Products, that usually commands a better margin profile and also longer term be a tailwind.",boilerplate,substantive,True
7e199a6ff287,"It's not -- what we're offering, obviously, is not something that they would like to use themselves, to be able to do themselves, which is they're already spending on building their own on-prem data centers.",boilerplate,boilerplate,False
7ff45758d37d,"I was wondering if you could give some additional color around the strength you saw within the networking business, particularly around the adoption of your Ethernet solutions at CSPs as well as any change you're seeing in network attach rates.",boilerplate,boilerplate,False
80144c45ae6f,"In Europe, we further optimized in-station processes.",boilerplate,boilerplate,False
81b764ddd75a,"Of those 3 scenarios, personally, I think the second and third have a greater probability, one or the other, than the first.",boilerplate,boilerplate,False
81d6ab9165c5,"And so -- but there is no silver bullet that will cause something where you have a tariff that was declared on Wednesday or Thursday -- Wednesday, I guess it was, that's 145%.",substantive,substantive,False
820eee423d81,"And as we are saying, as we move into the end of this second half of this fiscal year, which we talk about is spring '25 and summer '25 of the seasons, the amount and breadth and depth of the innovation is just accelerating significantly.",boilerplate,boilerplate,False
825b9d970a1b,"Executives - Co-Founder, CEO & Director Well, and Shyam's leading this charge, but the reason it, I think, is likely to work is because not just America but every allied nation is -- has the problem that they cannot get their military production to work.",substantive,substantive,False
82c75b4c8e3b,The subsegments that we report into are not changing.,substantive,substantive,False
82f557591bbd,We think this opportunity to index the private markets is really one of the most attractive that we've had in the history of BlackRock.,boilerplate,boilerplate,False
848018e46691,Executives - Chairman & CEO I just would also say it may not be deposits.,boilerplate,substantive,True
849bd54ec20c,"And in spite of all the hubris noise out there on what's available, they think very long term on how they deploy the XPUs they develop with us, how they deploy in achieving better and better LLMs that they want to create.",substantive,substantive,False
84c018fb75ae,"So first and foremost, we're looking to deploy the capital into organic or inorganic growth.",boilerplate,boilerplate,False
860b49c66047,"Alongside our investments in enterprise, our ecosystem reach also positions us well in AI PC consumer markets.",boilerplate,boilerplate,False
87232b9b7c48,"We do not believe that the one you're referring to has any significant materiality and shouldn't impact, we would say, moderate, certainly not material from an overall performance perspective.",boilerplate,boilerplate,False
87b8c3021405,Now an Onsite might be we're physically inside the customer's facility.,boilerplate,boilerplate,False
8912dddef533,We're resetting the marketplace for Converse under new leadership.,substantive,substantive,False
8942a484a291,"And the third is when you're buying stuff in a rush, you don't buy better than when you buy stuff in a planned fashion.",boilerplate,boilerplate,False
89e85831afc7,And then it starts with like deposits and deposit mix and deposit pricing and then goes through the rest of where we think the assets sort of net out.,boilerplate,substantive,True
8b3c470d12a9,"Same risk be regulated in the same way, and it doesn't become the case that you just create a giant arbitrage back door or the provision on the payment of interest for stable funds.",boilerplate,boilerplate,False
8c6f03ebf97a,And we're going to continue to bring in top talent to fill remaining gaps that we have notably in North America.,boilerplate,boilerplate,False
8d826a7a1aef,"I guess there could be some versions of the world where the numerator is a little less, and then guessing about our central case and comparing our projected capital amount to that number to determine the excess.",boilerplate,boilerplate,False
8fa0605e9da3,We also see opportunities to allocate more balance sheet to our markets business to drive increased profitability.,substantive,substantive,False
918cc3754787,"One thing it was great to see for the right product drops like the Nike Black Label Collection, the Kobe Protros, Jordan Red 1s and Jordan 4 Cement, the passion of sneaker culture is alive.",substantive,substantive,False
91c28822f7ce,We've also been cutting some of the unproductive spend.,boilerplate,boilerplate,False
91d48a664b5c,"And I do -- going back to where I started, I do think this improves our competitive position relative to others that are outside of the regulatory landscape.",boilerplate,boilerplate,False
91ede65f85de,And you would normally think that rotation out of discretionary into nondiscretionary would be a sign of consumers battening down the hatches and getting ready for a much worse environment.,boilerplate,boilerplate,False
92bf81a84bb1,"In Greater China, we highlighted last quarter that we were facing a longer road to a healthier business.",boilerplate,boilerplate,False
932809fbc259,"Executives - Former Executive VP & CFO If you look -- if the question is about green shoots, I don't have a lot of green shoots for you on the macro side.",substantive,substantive,False
94be0e928a3e,We need to build out operational risk and compliance in the company.,boilerplate,boilerplate,False
94e5f6e77c5d,"But I'm talking about scaling up in a rack, in a cluster domain.",boilerplate,boilerplate,False
957fe2d3e59d,So I'll say the first order of business is hold share and then regain share.,boilerplate,boilerplate,False
96f2341548f6,"It also provides our customers with ongoing insight regarding product consumption, insight we're uniquely able to provide in a wide range of locations.",boilerplate,boilerplate,False
974088e231cf,"In sharp contrast, we see our opportunity over the next 3 years in AI as massive.",boilerplate,boilerplate,False
97d4caaaddda,"In a lot of our businesses, everything gets expensed upfront.",boilerplate,boilerplate,False
97f5300aa896,Just -- is there enough in terms of the walk as you move from 1Q to 2Q for earnings to be up sequentially?,boilerplate,boilerplate,False
991fb5121fc1,"Just to make it easier, as Dan indicated, for the branches to get product faster, helps customer service, helps us grow.",boilerplate,boilerplate,False
9986e5438f1b,Are you going to continue to sell racks?,boilerplate,boilerplate,False
9ba9eefac801,"We also recognize that being the AI compute engine of choice in merchants in the ecosystem, which is GPUs, that they are trying to create a platform that is probably end to end very integrated.",boilerplate,boilerplate,False
9c4d37335971,"So on your first question, the actions that we're taking on NIKE Direct and Digital are more aggressive.",substantive,substantive,False
9caa46df269d,The euro debt aligns our capital structure with our global business.,boilerplate,boilerplate,False
9ce65e0a08ed,"By connecting our architectures through NVIDIA NVLink, we combine Intel's CPU and x86 leadership with NVIDIA unmatched AI and accelerated computing strengths, unlocking innovative solutions that will deliver better customer experience and provide a beachhead for Intel in the leading AI platform of tomorrow.",substantive,substantive,False
9d2c93b59ee2,"One thing we've talked about a number of years ago was building our infrastructure to support signing 100 devices a day, and that was a long way away from what we were doing at the time, but that was kind of the number we had in our head.",substantive,substantive,False
9d6be834b02d,BlackRock is always a share winner when assets are in motion and a meaningful outperformer in periods of investors re-risking.,boilerplate,boilerplate,False
9dff0328a9d8,"If and when business gets better and pretax is growing more strongly, bonuses sort of reassert themselves.",boilerplate,boilerplate,False
9fe0dd4ab441,"In MedTech, we will continue to accelerate our newly launched products and expect normalized seasonality.",substantive,substantive,False
a05b060276f4,"The one-timers, there was tailwinds and headwinds in that number.",boilerplate,boilerplate,False
a091133c17ab,"All that means is the deficits are probably going to be rising or a need to do -- as they build out infrastructure, a need for more public, private is more realistic.",boilerplate,boilerplate,False
a120ac9f1738,"And in order for us to ensure we're delivering greater returns in '27, '28, et cetera, we have to continue to invest in the franchise.",boilerplate,boilerplate,False
a167e4094f5d,"And of course, we obvious -- we distribute through a lot of tech areas like the FMI space.",boilerplate,boilerplate,False
a21e44fd1756,"What do you think is the SAM in 2024, so we can get a baseline view of what your $12.2 billion in sales represent?",substantive,substantive,False
a3738b4f3034,"We're guessing it's pretty far out in the future, and we'll give you formal guidance and all this stuff next quarter.",boilerplate,substantive,True
a4a6cd7ea257,"I think on further study relative to even comments that I did make last quarter, the impact relative to our overall mix is actually not going to be substantial at all.",substantive,substantive,False
a508719d5c3d,It looks like they were relatively flat.,boilerplate,boilerplate,False
a578996e81d0,We very much look forward to welcoming Vis Raghavan to Citi to lead our Banking franchise in early June.,boilerplate,boilerplate,False
a5a6ffa32de8,"And everything about it is heretical, a military vehicle with a software company as the prime contractor, and it's built by a team of nontraditional defense innovators like Anduril.",substantive,substantive,False
a759b9f34b80,"We really don't have that on the shelf, a finished good we can ship immediately.",substantive,substantive,False
a77aea6d40b6,"Is that someone from the Board currently, someone from outside Goldman Sachs, what type of person is the Board looking for?",boilerplate,boilerplate,False
a7ae8e94961c,"You can tweak your TPUs towards the -- XPU, sorry, Freudian slip, to a particular kind of workload LLM that you want.",substantive,substantive,False
a82f47e4de04,"Through our iShares and indexing platforms, we've developed long-standing relationships, highly aligned shareholder relationship with global corporates.",boilerplate,boilerplate,False
a8adc25a0d6c,"In addition to our Q1 outlook, we remain committed to being transparent and resuming our full year outlook for adjusted EPS, effective tax rate and capital returns as visibility improves.",substantive,substantive,False
a96fe60b6694,"So we continue to see with our memory bandwidth and memory capacity advantages, that's a positive.",boilerplate,boilerplate,False
a99956316655,"And when we do that, yes, perhaps then things like exotic stuff like co-packaging might be of silicon with optical might become relevant.",boilerplate,boilerplate,False
a999ae5389ef,"We continue to be a trusted adviser to our clients, to be an employer of choice for our people and to generate mid-teens returns through the cycle and strong total shareholder return.",boilerplate,boilerplate,False
aa4e29800289,"You're finally getting what you wanted, 15 years of your spaghetti chart about the regulatory structure and the unpredictability of capital requirements and regulatory costs.",boilerplate,boilerplate,False
aaf7e5bc8bb2,It was a world-class execution that showcase the ACG logo on all Team USA athletes.,boilerplate,boilerplate,False
accbe2d66360,I was specifically referring to tariffs relating to protecting national security.,boilerplate,boilerplate,False
ad81104719f7,"But if it's government mandated, that's a really weird thing for certainty because if the economics work because there's a 50% tariff or a 25% tariff or a 75% tariff.",substantive,substantive,False
aeb4ec962aa0,We expanded gross margin significantly and drove earnings growth while increasing investment in AI.,substantive,substantive,False
aed7cfff080d,The competition is a bit more aggressive than I had -- when I remembered it 4.5 years ago.,boilerplate,boilerplate,False
afa5262a15dd,"As we spoke in January, we believe the planned combination of BlackRock's infrastructure platform with GIP will provide clients with access to market-leading investments and operating expertise across infrastructure private markets.",substantive,substantive,False
afc03a63042f,The question is whether one of the world's largest AI markets will run on American platforms.,boilerplate,boilerplate,False
afdb34ca2d2a,NVIDIA's networking footprint is much bigger than before.,substantive,substantive,False
b13c673b07d7,"This, I think, can be done faster than that because it can be done largely through allocations to funds inside of target date funds that are already themselves asset allocation vehicles.",boilerplate,boilerplate,False
b1551ea4b39c,"Given where inventory is in the marketplace, we expect to continue to see improvement in underlying profitability in that geography.",substantive,substantive,False
b196edf5c2a4,"Obviously, Google uses its own networking.",boilerplate,boilerplate,False
b24ba952461c,We've uncovered quite a lot of areas where we don't leverage industry IPs.,boilerplate,boilerplate,False
b331bcfdf871,"And that's actually intuitive when you think about it as people continue migrating into CDs, but maybe a little nonintuitive if you're kind of trying to do beta-type math with like change in rates and change in rate pay that gets a little bit nonintuitive.",boilerplate,boilerplate,False
b4d0d586b88b,"And also being in an environment where, as you all know, traditional enterprise networking is kind of also in a bit of a slowdown [ law ].",boilerplate,boilerplate,False
b674cd70d249,So Running and Core are the 2 areas where we're most optimistic that we see momentum building from an innovation and a newness perspective.,substantive,boilerplate,True
b6ac3549ea85,"So we've got some opportunity to be a little bit more strategic, also to look at the 3PL market.",boilerplate,boilerplate,False
b9e6a2cee7b8,"As David referenced, we are thoughtfully building out our One Goldman Sachs 3.0 work streams, and our early learnings have reinforced the need to double down on the foundational elements of our infrastructure.",boilerplate,boilerplate,False
ba05688326dd,"And so when the tariff activity started ramping up, I said to Kevin, can you start producing a video for the field to convey order to the chaos and try to simplify it as much as you can.",boilerplate,boilerplate,False
bbc76290506c,"I'd note that even with these actions, we almost offset it by the contribution of newness and innovation.",boilerplate,boilerplate,False
bd0946bd6572,"But I think the good part is like we've been methodically sort of making investments in really all of the asset classes, FX, credit, to a lesser degree, in equities and other places, but we're getting the benefit of those investments each quarter on an incremental basis.",substantive,substantive,False
bd16e67545e4,Blackwell has great demand for inference.,substantive,substantive,False
bd297782d3f5,"Just yesterday, the iShares Bitcoin ETF began trading in another landmark moment that advances ETF innovation and expand access to Bitcoin for investors.",substantive,substantive,False
bdba00b97eb8,Third-party engagements with IFS continue to validate our progress on this technology.,boilerplate,boilerplate,False
bdc5933ee44b,"And do you see room to improve the operating margin next year beyond the implied, I think, 32.8% in the 2025 guidance?",substantive,substantive,False
be917c0cf1b7,It tends to be a trade-off between the best possible pricing versus speed and uncertainty of execution.,boilerplate,substantive,True
bf16987ca0a7,"This is tied in part to the rapid growth of many of our e-commerce customers, where we are a critical enabler of global trade, offering unique solutions for our customers.",boilerplate,boilerplate,False
bf945960ae98,Can you just explain why was the bonus reset so much larger in 3Q versus 2Q?,boilerplate,boilerplate,False
bfe1d2b7d94d,"But obviously, if interest rates go back down, the liabilities will go out a little bit.",substantive,substantive,False
c0187ec06af4,"Executives - Senior EVP & CFO And when you think about the first quarter in particular, there's always going to be seasonality on the trading side.",boilerplate,boilerplate,False
c0261be2f096,"But it's also the case, as you know, that there's -- the market's expectation is that QT is going to start slowing down at some point this year.",boilerplate,substantive,True
c051f879e573,"Those assumptions have seeped into our products, whether they're a military product or they're foundry or ontology or AIP.",boilerplate,boilerplate,False
c087c7a333c1,There's a couple of states where the rules are pretty onerous.,boilerplate,boilerplate,False
c0a0ec59e588,"But it built as we built better analytics and data and then through better analytics and data, more acceptance and a broadening of the market.",boilerplate,boilerplate,False
c0d537feaa4f,"What the creation of public benchmarks did to drive stock markets, especially visible through iShares, we believe the combination of BlackRock with Preqin can do for private markets.",substantive,substantive,False
c14dbbfec902,"I think, Dave, you might have mentioned client flat to down in September.",boilerplate,boilerplate,False
c1752fa05719,"I know in the past, your target was to, I guess, bring in 70% of the die in-house to 18A.",substantive,substantive,False
c21ffe71dba2,"And yes, it was a different rate environment, but that growth that we delivered over the past couple of years has been a mix of both revenue and underlying business strength.",boilerplate,substantive,True
c30c8556cdc4,You can use 1 architecture and not worry about the changes in the workload across those 3 phases.,substantive,substantive,False
c36e301a12f2,"Meanwhile, there's still a market for in enterprise for merchant silicon.",boilerplate,boilerplate,False
c3d9b9d7c2fb,So it's not as if it's a cliff at the end of the consent order.,boilerplate,boilerplate,False
c44bace6789a,"Eddie brings deep expertise from his nearly 30-year career at FedEx, most recently as Corporate Vice President for Corporate Governance securities and tax law.",boilerplate,boilerplate,False
c6d344e2efb5,So we are continuing to onboard health care with that tool.,boilerplate,boilerplate,False
c737910457bb,"I don't know if you've dimensionalized how much was rate versus new business, but you have good core business momentum and a pipeline of one, but not yet funded.",substantive,substantive,False
c92f0b685a3f,"But -- you saw about -- basically about a month's worth in the quarter, we made the change in June.",substantive,substantive,False
c95054029a47,We are going to accelerate the Win Now actions by activating our Sport Offense that I've spent some time speaking to.,boilerplate,boilerplate,False
c9dc266406bd,"And especially in this complex trade environment, those kind of -- it's the added value as we improve our value proposition for moving things across borders and being predictive using GenAI to create value from HS classifications and so on.",substantive,substantive,False
cbdb6b1fc97c,It's hard to imagine a scenario coming out of the whole potential range of outcomes on capital that involves an upward revision on ROTCE.,boilerplate,boilerplate,False
cc6b6cfc2162,"Thanks to the strength of our Onsite program, there's a subset of this group that has grown even faster.",substantive,boilerplate,True
cd3db5972cbf,"As MI300 revenue ramps, how do you see the customer concentration, let's say, a year or 2 from now?",boilerplate,substantive,True
cd4687bb2961,All of the enterprise ISVs who are now working on agentic systems on top of their tools platforms.,substantive,substantive,False
cee5c8777e87,"Now you've got to productize it, which means inference.",boilerplate,boilerplate,False
cfbd7f76cc0b,"And is there opportunity set for maybe pulling in some more deposits and reinvesting in securities, given the slightly improved long-end rates here?",boilerplate,substantive,True
d1068ff8e3ec,"Executives - CEO & Chairman And the only thing I'd add is when you think about just rate movement, you need to look at the different points along the curve.",boilerplate,boilerplate,False
d309714f578a,"We know what we need to be spending on through the annual planning process that concluded last month, it was clear that we did need to invest some more.",substantive,substantive,False
d403bd98fb72,"And from our experience, I think you'll see a faster transition than, for example, when we went from Milan to Genoa.",substantive,substantive,False
d4afd238406d,"As our international sales teams have become increasingly more aligned, the growth continues to accelerate.",boilerplate,boilerplate,False
d505d83c1ec0,The integration of BlackRock's existing infrastructure platform with GIP will result in a market-leading comprehensive infrastructure business with truly differentiated origination and asset management capabilities.,substantive,substantive,False
d641d3e1165a,Is it the ASP uplift you're getting from the new products?,boilerplate,boilerplate,False
d68b96aba4c1,"I think this market structure bill that is yet to come is very, very important in the context of this and the direction of travel.",boilerplate,boilerplate,False
d779d984585b,And I guess what we're really trying to understand is how much of that acceleration comes from the organic pipeline versus acquisitions versus portfolio pruning.,boilerplate,boilerplate,False
d77a56534026,JPMorgan will be fine with or without an SLR change.,boilerplate,boilerplate,False
d7dee6c1f7af,"And at this point, to be honest, the pricing environment is fairly unremarkable, which is why we're not giving it as much time and energy in our dialogue.",boilerplate,substantive,True
d80ee5a9067d,"And I think some of that Mike Mayo mentioned the thing about regulation, he is right, there will be reductions in cost because rules and regulations will be modified a little bit.",substantive,substantive,False
d8defe0c06dc,I'm pretty sure there's some sanction invasion going on there.,boilerplate,boilerplate,False
d9122fb0919e,And we're going to -- you're going to see that networking obviously is very important in AI factories.,boilerplate,boilerplate,False
d93a91d0d92c,"I'm not in a path of, in the meantime, a different trajectory of enabling enterprises to do AI on their own workloads.",boilerplate,boilerplate,False
d968f269640e,"Question Analysts - MD, Head of U.S. Large-Cap Bank Research & Senior bank Analyst I was just wondering what you're going to do about the Lead Independent Director, who I guess is no longer on your Board, Bayo, I guess, his firm got purchased and now you need to get a new lead director.",substantive,substantive,False
daa28747ca57,"Question Analysts - Former Senior Analyst of US Large-Cap Banks Jeremy, could you give a little more color on what's baked into the loan loss reserve in terms of kind of weighted average assumptions?",substantive,substantive,False
db64194785f0,"And depending on where various pieces of regulation end up, we'll make whatever adjustments we need either to pricing or the mix of our businesses or look for other ways to serve our clients.",boilerplate,substantive,True
df1cc6f8dd65,"Innovation continues to be a main priority for the company, as demonstrated by our industry-leading R&D spend.",boilerplate,boilerplate,False
df9e0f92da0f,"In addition, we also need to develop a rich and diverse ecosystem of IP and EDA partners who will enable our customers to seamlessly design chips using our process.",substantive,substantive,False
dfbd9c25a30e,"So to your question of how much is pull forward, we don't think a whole lot of that is.",boilerplate,boilerplate,False
e14507967fe2,"That's a great product, great technology, but it's been out for 20 years.",substantive,substantive,False
e1bdbf2d4b36,"So yes, the focus will be on paying down debt.",boilerplate,boilerplate,False
e1d1234eb8ed,"And remind us again what the delta is in terms of cost structure, the margin dynamics of an EUV wafer?",boilerplate,substantive,True
e25dcc8eeb4b,These figures demonstrate that our scale continues to drive significant operating leverage.,boilerplate,boilerplate,False
e3fb6407708a,"Question Analysts - MD & Head of the North American Asset Managers, Brokers & Exchanges Team My question is on the breadth of the 10% base fee organic growth in the quarter.",boilerplate,substantive,True
e4cb2c6f492d,The industrial logic that informed our planned acquisition of GIP has only begun even clearer in the last 6 months.,substantive,substantive,False
e5223164ac13,"Kobe's a beloved athlete in China, and it was one of the biggest opportunities we saw to bring Kobe back into the product family, and we're incredibly excited about the energy that's building in China for Kobe.",boilerplate,boilerplate,False
e59eaf874875,NVIDIA NIMs accelerate and simplify model deployment.,substantive,substantive,False
e5e8ca998cbd,And do you think it leads to a market share shift faster than we were expecting towards XPU from GPU?,boilerplate,substantive,True
e6856371f018,"When you think about the Sport office, and this is rather than us being organized by men's, women, kids.",boilerplate,boilerplate,False
e6a7bb29a86c,"So overall, will help the mix on the gross margin side.",boilerplate,substantive,True
e6b52047d3d2,"There were a few other periods, obviously, the '08, '09 period, much shorter in duration, but pretty steep.",boilerplate,boilerplate,False
e70c877a827d,The fourth quarter has traditionally been our strongest for organic growth.,substantive,substantive,False
e7bcc45b8762,We had a nominal dividend and we've been kind of growing into it as we've been growing the firm.,substantive,substantive,False
e7cb9c37b7e4,"Question Analysts - Analyst Clearly, the way the stock has reacted, the message from your shareholders has been an embrace of Wells Fargo was more than a remediation story, and thinking about the return improvement even beyond the asset cap resolution and the consent order.",boilerplate,boilerplate,False
e830a39f356f,We've seen improvements in sort of the rate of signings on the contract side as well.,substantive,substantive,False
e8f4f38ea4d5,We used to do that business on balance sheet.,boilerplate,boilerplate,False
e9ed70b37f39,"This quarter, we saw growth in multiple sport dimensions, an indicator that we are gaining traction.",substantive,substantive,False
ea2bf25a18bf,And I'll qualify this by saying it's a relatively dynamic industry out there right now given the tariffs and the implications on what that might look like from our TAM and from the macro.,boilerplate,boilerplate,False
eb0c8f6004b8,"Anybody with specific domain expertise is more powerful, more valuable in our product than they were yesterday.",boilerplate,boilerplate,False
eb35b4ffdf8f,"And so at the end of the day, I think that we need more discipline among our contract sellers and more discipline in our field personnel and they need to trust the tools because the tools are in great shape.",boilerplate,boilerplate,False
eb5e5e3ac3a3,We think the CD mix has probably peaked.,substantive,substantive,False
ec51ac4fe5a2,"It's almost a layer 3-dimensional chip, which it is.",boilerplate,boilerplate,False
edc980246b1a,"And I'm wondering, does that mean at $1.75 billion or does that mean keep pace with the increased Q-on-Q, which was [indiscernible] million?",boilerplate,substantive,True
ee9cdd80d1a3,"And it would be helpful if you could touch upon the outlook for your EP business, which is growing below market.",boilerplate,boilerplate,False
eecd6712acd6,You've said in the past calls that you thought that AI compute would move away from ASICs and go to merchant market.,boilerplate,boilerplate,False
ef0afc471d1f,"So again, is that flat for the fourth quarter on EPS through the February quarter?",boilerplate,substantive,True
efaed34eaf3c,And now IQQ is similarly trying to facilitate access for U.S. investors with an iShares quality option in one of the most widely tracked indexes.,substantive,substantive,False
efc5177858c5,We're seeing macroeconomic pressures in Japan.,substantive,substantive,False
eff28a46ed07,"That differentiation is built on more than a decade of deep technical investments, technologies like the Ontology, OSDK, the primitives that we have that permeate the platform, security, functions on objects, actions, write-back, machinery, automations, and a deep product pipeline that really is focused on addressing this very problem on this transition from prototyping to production.",substantive,substantive,False
f27a859c8a0a,"And the answer to that for these countries really is reimagine how you produce and the people who do it are going to be people who are alumni of the companies that have actually built companies correctly, call it, the Palantir alumni and people from the SpaceX network are really the only people who have done these things.",boilerplate,boilerplate,False
f29fa0ed85c9,"In closing, we delivered solid financial results in 2023, further strengthening our product portfolio and establishing ourselves as a leading provider of data center GPUs for AI.",substantive,substantive,False
f3a0baa41205,"But the other thing I think to think about is where we're genuinely special in the marketplace is in engaging with customers that have very large, very complex supply chains.",boilerplate,boilerplate,False
f41fa3a0e1e3,We only have one quarter of that as we move into '26.,substantive,substantive,False
f48bfb6acb82,"Can you offset it through pricing, product design?",boilerplate,substantive,True
f4d92f528d9d,We are at the lower end of that range today.,substantive,substantive,False
f56ec2d314cf,"And given that this is our last earnings call before the spin-off, we've invited Freight's CEO, John Smith; and CFO, Marshall Witt, to join us today to participate in the Q&A.",boilerplate,boilerplate,False
f5704f04db0c,"For example, last month's proposal on the recalibration of the enhanced SLR is a constructive step to returning the leverage requirement back to its intended purpose as a backstop measure.",substantive,substantive,False
f5fb9f412993,"Hock, you seem to have pretty good visibility into hitting that $4 billion run rate over the medium term, perhaps.",boilerplate,substantive,True
f6725c26e1e1,"In the past, we approached AI with a traditional silicon and training-centric mindset without a cohesive silicon systems software stack and strategy.",substantive,substantive,False
f6becb58c021,"I will say, it picked up, right, after Cyber Monday.",boilerplate,boilerplate,False
f6cdd83e99e9,"And then, of course, they want to know the capacity, the pricing, those are all in the discussion right now.",boilerplate,substantive,True
f853945d1b19,So we continue to see strength in Client going into the second quarter.,substantive,substantive,False
f8b594bba256,"And if you could just remind us what the end goal is for op leverage, for EBIT margin, I should say, and over what time frame do you expect to get there?",boilerplate,substantive,True
f93fcb6fc25f,"The second, as you point out, is loadings, and we are managing our capital spend and our investment with an eye on loadings to make sure that we keep those in a good place.",substantive,substantive,False
fa389e9521b6,And there is this debate about the extent and how quickly an asset cap removal would kickstart and allow for balance sheet growth.,boilerplate,boilerplate,False
fa3932dbc56a,And we are going to maintain the contradiction of having both high margins and high growth.,boilerplate,substantive,True
fc13486c3396,We knew 2024 would be a tough year as we lap the credit cost but we have a path to higher returns.,substantive,substantive,False
fc8c3951b651,Companies are using Omniverse to digitalize their workflows.,boilerplate,boilerplate,False
fcec1024a5db,"So we're doing what we want to do, but clearly, it is a big amount of excess, and that does mean that everything is on the table as it always is, and that includes potentially inorganic things.",boilerplate,boilerplate,False
ff009981a8f2,I'll also focus on our current expectations for 2025 and 2026.,boilerplate,substantive,True
