sentence_id,transcript,sentence,gold_label,vote_count,direction,sonnet_balanced__label,sonnet_skeptic__label,haiku_pattern__label,gpt_mini_balanced__label,sonnet_balanced__confidence,sonnet_skeptic__confidence,haiku_pattern__confidence,gpt_mini_balanced__confidence
013c18ba28ea,C_Q3-2024,The U.S. consumer dynamics remain remarkably consistent with prior quarters.,boilerplate,3,boilerplate_2v1,substantive,boilerplate,boilerplate,boilerplate,0.55,0.82,0.85,0.7
01c5d54f6a98,BLK_Q3-2025,We're bringing learnings from our U.S. offerings to help grow the ETF market in Europe and better serve our clients in this region.,substantive,3,substantive_2v1,substantive,boilerplate,substantive,substantive,0.55,0.82,0.72,0.7
0340bcd5c4ee,NVDA_Q4-2025,"And then finally, I will say this, just because the chip is designed doesn't mean it gets deployed.",boilerplate,2,boilerplate_2v1,substantive,substantive,boilerplate,boilerplate,0.55,0.6,0.85,0.7
0533c9b05a31,INTC_Q1-2024,A lot of that stuff doesn't actually show up in the P&L.,boilerplate,2,boilerplate_2v1,substantive,substantive,boilerplate,boilerplate,0.55,0.55,0.85,0.7
093042895a4a,WFC_Q2-2025,"I mean when you look at spreads, particularly on the commercial side, John, it's still very competitive.",substantive,3,substantive_2v1,substantive,substantive,boilerplate,substantive,0.6,0.6,0.85,0.7
09434d2446b4,NKE_Q3-2025,"While we added innovation across our 5 key fields of play this quarter, it's not enough to offset the continued headwinds of our classic franchises.",substantive,3,substantive_2v1,substantive,substantive,substantive,boilerplate,0.75,0.75,0.85,0.6
09529bfa34d4,BLK_Q1-2024,"Then even as they have this sizable savings at retirement, there's not much guidance about how to spend or not -- and how not to overspend these savings.",boilerplate,2,boilerplate_2v1,substantive,substantive,boilerplate,boilerplate,0.6,0.6,0.92,0.6
0973649b8cdb,BLK_Q3-2025,"Our initiative with Great Gray, the collective trust company that we told you about earlier this year.",boilerplate,2,boilerplate_2v1,substantive,substantive,boilerplate,boilerplate,0.6,0.6,0.85,0.6
0b2a5f1e4a07,PLTR_Q4-2024,"We have taken a long bet over decades around the assumption that if we built the products that our partners -- most importantly, our partners in the West, most importantly, our partners in the U.S. -- ought to build, not what they wanted us to build, not what they mandated we should build, not what investors, venture capitalists or analysts were saying they reward us for building, that, that company would generate so much value that we would get a small percentage of that and we would end up as a massive significant and, much more importantly, impactful company that could power the West to its obvious innate superiority, expose things that weren't working, rebuild the whole infrastructure of a company.",boilerplate,2,boilerplate_2v1,substantive,substantive,boilerplate,boilerplate,0.72,0.72,0.85,0.7
0b2e1de1c9fa,AMD_Q4-2024,"Obviously, the growth number in the fourth quarter, I mean, it was certainly higher than our model.",substantive,3,substantive_2v1,substantive,substantive,substantive,boilerplate,0.6,0.6,0.72,0.6
0b702b912913,FAST_Q3-2024,But the primary challenge remains sluggish end markets.,substantive,3,substantive_2v1,substantive,substantive,substantive,boilerplate,0.6,0.65,0.85,0.6
0bb463330f69,NKE_Q1-2026,"Elliot, maybe could you help elaborate on some of the early wins under your belt that you cited notably the return to growth in North America and the material acceleration in running.",boilerplate,3,boilerplate_2v1,boilerplate,boilerplate,boilerplate,substantive,0.72,0.82,0.85,0.7
0bc64f5cd197,C_Q1-2025,We've been talking about optimizing use of capital revenue to RWA and the improvement all last year.,boilerplate,2,boilerplate_2v1,substantive,substantive,boilerplate,boilerplate,0.6,0.6,0.72,0.7
0bd4e250973e,INTC_Q1-2025,"I mean obviously, we thought Q1 would be a trough and it turned out to be better.",substantive,3,substantive_2v1,substantive,substantive,substantive,boilerplate,0.72,0.72,0.85,0.7
0d84940a9ba4,AVGO_Q1-2026,"But you're right, you can look at it, gigawatts, which is the right way to look at it instead of dollars because that's how we sell our chips to.",substantive,3,substantive_2v1,substantive,substantive,substantive,boilerplate,0.6,0.6,0.72,0.6
0e269af65ef8,WFC_Q2-2025,"Executives - Senior EVP & CFO And the good news is, right, we have a ton of excess capital.",substantive,3,substantive_2v1,substantive,substantive,substantive,boilerplate,0.6,0.6,0.72,0.7
0ea397954906,PLTR_Q4-2024,"With the proliferation of AI models, the raw AI labor supply is exploding.",boilerplate,3,boilerplate_2v1,substantive,boilerplate,boilerplate,boilerplate,0.6,0.72,0.85,0.6
0ec49d94d486,JPM_Q1-2025,But the notion that the 10-year treasury has to go down is a false notion.,boilerplate,2,boilerplate_2v1,substantive,substantive,boilerplate,boilerplate,0.62,0.65,0.92,0.7
0ecc6f52212d,PLTR_Q3-2025,"Executives - Chief Revenue Officer & Chief Legal Officer We had a monumental third quarter, shattering expectations yet again.",boilerplate,3,boilerplate_2v1,boilerplate,boilerplate,substantive,boilerplate,0.72,0.85,0.72,0.6
0fe192b3960c,GS_Q1-2026,"They do infrastructure, they do real estate, they do credit.",substantive,3,substantive_2v1,substantive,substantive,boilerplate,substantive,0.6,0.6,0.85,0.7
1098bb01fa5e,AVGO_Q1-2026,"And then maybe the second quick question for either you or Charlie is, given that Broadcom's TPU, XPU programs from a performance complexity IP perspective are 12 to 18 months ahead of any of these COT programs, how does the Broadcom team widen this gap further?",substantive,3,substantive_2v1,substantive,substantive,substantive,boilerplate,0.75,0.82,0.85,0.7
10f795b2c0ff,JPM_Q4-2025,"When we think about -- there's more updates coming on G-SIB, Basel Endgame probably over the coming months.",boilerplate,2,boilerplate_2v1,substantive,substantive,boilerplate,boilerplate,0.65,0.72,0.85,0.7
11a834eae02f,AVGO_Q4-2024,Those are not validated in our view under our model as customers.,boilerplate,2,boilerplate_2v1,substantive,substantive,boilerplate,boilerplate,0.55,0.6,0.85,0.7
11f8a96a9d32,AVGO_Q1-2025,"Number one, to begin with, we believe design win when we know our product is produced in scale -- at scale and is actually deployed, literally deployed in production.",substantive,3,substantive_2v1,substantive,substantive,substantive,boilerplate,0.62,0.6,0.75,0.6
13daa28d9b7e,BLK_Q1-2026,"BlackRock is simultaneously a leading public markets manager, a scaled private markets platform and a global technology company.",boilerplate,2,boilerplate_2v1,substantive,boilerplate,substantive,boilerplate,0.6,0.85,0.72,0.7
14aa89ecacb8,GS_Q1-2025,I think there's room for material tailwinds around capital.,boilerplate,3,boilerplate_2v1,substantive,boilerplate,boilerplate,boilerplate,0.55,0.75,0.92,0.6
14d10d96c632,WFC_Q3-2024,"I'd say, look, the short answer on the behavior side is not much has changed since in the last 3 weeks.",boilerplate,2,boilerplate_2v1,substantive,substantive,boilerplate,boilerplate,0.55,0.6,0.85,0.6
156b765c8f92,JPM_Q1-2025,"There is this excessive cost built up that hopefully we can get rid of and will reduce the cost of the system, but it's not the brand new branches.",boilerplate,2,boilerplate_2v1,substantive,substantive,boilerplate,boilerplate,0.6,0.6,0.72,0.6
162a769692c6,C_Q3-2024,Executives - CEO & Chair of the Board And all of this drives productivity and other benefits for our shareholders as well as making sure that we're strengthening Citi from the regulatory perspective.,boilerplate,3,boilerplate_2v1,substantive,boilerplate,boilerplate,boilerplate,0.52,0.85,0.85,0.7
168d0e35b322,FAST_Q4-2023,"That speaks more, I believe, to the PMI index than anything else.",boilerplate,3,boilerplate_2v1,substantive,boilerplate,boilerplate,boilerplate,0.52,0.72,0.92,0.7
17dc2718ec6d,JPM_Q3-2025,So it's almost a dishonest disclosure of these numbers.,boilerplate,3,boilerplate_2v1,substantive,boilerplate,boilerplate,boilerplate,0.52,0.62,0.85,0.7
18e340c8de9b,GS_Q4-2025,We are expanding our loan product offerings in line with client demand.,boilerplate,3,boilerplate_2v1,boilerplate,boilerplate,boilerplate,substantive,0.72,0.85,0.92,0.7
193ce06c5cdd,BLK_Q1-2026,"Much of the focus on wealth vehicles like BDCs, interval funds and tender funds.",boilerplate,2,boilerplate_2v1,substantive,substantive,boilerplate,boilerplate,0.72,0.72,0.85,0.6
197bad4c3e0b,C_Q1-2025,"Answer Executives - CEO & Chair of the Board Look, first of all, we continue to be on track with the preparation for the IPO, John.",boilerplate,2,boilerplate_2v1,substantive,substantive,boilerplate,boilerplate,0.62,0.65,0.85,0.7
19acf8d9a859,INTC_Q3-2024,The new Xeon 6 is tailor-made to handle compute-intensive workloads with exceptional efficiency from edge to data center and cloud environments.,substantive,3,substantive_2v1,substantive,substantive,boilerplate,substantive,0.72,0.7,0.85,0.8
1a1ac8b2770d,AVGO_Q4-2025,But we expect the rate of growth of -- as we do more and more AI revenue to be so much that we get the operating leverage on our operating spending that operating margin will deliver dollars that are still high level of growth from what it has been.,substantive,3,substantive_2v1,substantive,substantive,substantive,boilerplate,0.72,0.72,0.85,0.6
1a39fae330da,AVGO_Q3-2025,"And on the networking side, do you think UALink or PCIe even has a chance of displacing SUE in 2027 when it's expected to ramp?",boilerplate,2,boilerplate_2v1,substantive,boilerplate,substantive,boilerplate,0.72,0.72,0.85,0.7
1a3af555659c,C_Q3-2025,"And we have a very fiscally disciplined consumer base and, as I say, a very prime one.",boilerplate,3,boilerplate_2v1,substantive,boilerplate,boilerplate,boilerplate,0.52,0.85,0.92,0.7
1acee53f34a4,NVDA_Q3-2026,"All of those different industries are now getting engaged, and they're going to do their own fundraising.",boilerplate,2,boilerplate_2v1,substantive,substantive,boilerplate,boilerplate,0.52,0.52,0.85,0.6
1ba41f0b3f08,GS_Q1-2024,"The sharp decrease sequentially, we're pleased with, as well as the year-over-year decrease.",boilerplate,2,boilerplate_2v1,substantive,boilerplate,substantive,boilerplate,0.52,0.82,0.72,0.7
1bf10177d7ef,WFC_Q2-2025,"So we spent a lot of time talking about the things that we've been doing to focus on growing noninterest revenues, which have been -- which we've been doing because there are strategic opportunities, not just because of the balance sheet.",boilerplate,3,boilerplate_2v1,boilerplate,boilerplate,substantive,boilerplate,0.62,0.75,0.72,0.7
1c1e5696c907,WFC_Q4-2025,"But now that the asset cap's gone, we've got more opportunity to continue to do more with clients and that should create this good virtuous circle where they do more fee-based business with us as well.",substantive,3,substantive_2v1,substantive,substantive,substantive,boilerplate,0.72,0.72,0.72,0.6
1c573467115a,AMD_Q3-2024,"On the Data Center GPU side, I realize everyone wants new customer announcements and 2025 guidance, but we're not going to get that, certainly not today.",boilerplate,2,boilerplate_2v1,substantive,substantive,boilerplate,boilerplate,0.72,0.72,0.92,0.9
1d0768570fde,JPM_Q1-2026,It continues to be intense and we have both external and internal competition from higher-yielding alternatives and people sort of optimize that and the start of running the business.,boilerplate,2,boilerplate_2v1,substantive,substantive,boilerplate,boilerplate,0.6,0.6,0.85,0.7
1d1d9976d5c6,FAST_Q4-2024,"He talked about in 2024, a cost structure that was effectively managed.",boilerplate,3,boilerplate_2v1,substantive,boilerplate,boilerplate,boilerplate,0.6,0.72,0.85,0.6
1d634cb132fd,PLTR_Q1-2025,"You have Eastern Europe, you have Germany, France, you have -- they're very different Europes.",boilerplate,2,boilerplate_2v1,substantive,substantive,boilerplate,boilerplate,0.55,0.55,0.85,0.7
1d7a49623992,FDX_Q1-2025,"Question Analysts - Research Analyst I was wondering, you talked about the lower-than-normal second quarter EPS seasonality.",boilerplate,3,boilerplate_2v1,substantive,boilerplate,boilerplate,boilerplate,0.6,0.75,0.92,0.6
1d88bd9705dd,PLTR_Q1-2024,Revenue from our largest customers continues to expand.,boilerplate,2,boilerplate_2v1,substantive,boilerplate,substantive,boilerplate,0.52,0.82,0.72,0.6
1f0f93995498,INTC_Q4-2025,"So in terms of 14A, realistically in terms of, I call it, the risk production in the later part of 2027 and real production, volume production in 2028.",substantive,3,substantive_2v1,substantive,substantive,substantive,boilerplate,0.82,0.85,0.85,0.6
1f1ad6d7ce3a,JPM_Q2-2025,And so we've talked about how excess capital is earnings in store.,boilerplate,2,boilerplate_2v1,substantive,substantive,boilerplate,boilerplate,0.52,0.55,0.85,0.6
1f580599eb31,JNJ_Q4-2025,We will continue to aggressively fight in the court system each and every one of these meritless claims.,boilerplate,3,boilerplate_2v1,substantive,boilerplate,boilerplate,boilerplate,0.55,0.82,0.92,0.7
1f9f68879e84,BLK_Q3-2025,"And depending on the status, I think, of legal and regulatory to more meaningful engage with our clients on exposures in the existing LifePath range.",boilerplate,3,boilerplate_2v1,substantive,boilerplate,boilerplate,boilerplate,0.52,0.72,0.85,0.7
1fee99eab6c7,INTC_Q4-2025,"In the short term, I'm disappointed that we are not able to fully meet the demand in our markets.",boilerplate,2,boilerplate_2v1,substantive,boilerplate,substantive,boilerplate,0.55,0.72,0.75,0.7
1ff45aa14aa2,AVGO_Q4-2024,"Question Analysts - Former Managing Director The $60 billion to $90 billion SAM forecast for fiscal '27, Hock, I'm curious if you guys have a view on the TAM.",substantive,3,substantive_2v1,substantive,substantive,substantive,boilerplate,0.85,0.85,0.92,0.9
20318f871582,NVDA_Q1-2025,"And if you invest in our architecture today, without doing anything, it will go to more and more clouds and more and more data centers and everything just runs.",boilerplate,2,boilerplate_2v1,substantive,substantive,boilerplate,boilerplate,0.55,0.55,0.85,0.7
20c93c37a1ef,NKE_Q2-2026,"I'm confident this change will result in us accelerating our Win Now actions by allowing our geography GMs to more closely shape our strategy, drive faster decisions and influence investments.",boilerplate,2,boilerplate_2v1,substantive,boilerplate,substantive,boilerplate,0.6,0.75,0.72,0.6
21df585fc180,GS_Q3-2024,The final rule will have a significant impact on the growth and competitiveness of the U.S. economy.,boilerplate,3,boilerplate_2v1,substantive,boilerplate,boilerplate,boilerplate,0.52,0.82,0.92,0.6
23a546f4c309,JPM_Q3-2024,You've got a trough in the middle of the year and you've got a rough ballpark for the full year.,boilerplate,2,boilerplate_2v1,substantive,substantive,boilerplate,boilerplate,0.55,0.55,0.85,0.6
23c9b5ab7fed,FDX_Q3-2024,"Our capital investment priorities will be on improving efficiency, modernizing facilities and optimizing our network.",boilerplate,3,boilerplate_2v1,substantive,boilerplate,boilerplate,boilerplate,0.6,0.82,0.92,0.7
2401c8cb684c,C_Q4-2025,I think one of the concerns investors have is Citi was behind the curve in terms of franchise investments.,boilerplate,3,boilerplate_2v1,substantive,boilerplate,boilerplate,boilerplate,0.62,0.72,0.85,0.6
24416944651b,NKE_Q2-2025,My visits to the geos the past few weeks only reinforced my conviction that we need to get back to empowering our teams in key countries and key cities.,boilerplate,2,boilerplate_2v1,substantive,substantive,boilerplate,boilerplate,0.55,0.55,0.85,0.7
25249a666b2b,INTC_Q1-2024,"The first one is for inferencing, you need a whole lot less software compatibility, right?",substantive,3,substantive_2v1,substantive,substantive,substantive,boilerplate,0.55,0.55,0.72,0.6
261bd4530146,PLTR_Q4-2025,Is the purchasing structure of a European country actually allowed to bear the load of buying the best product?,boilerplate,3,boilerplate_2v1,substantive,boilerplate,boilerplate,boilerplate,0.52,0.82,0.95,0.7
26981f72d93c,NKE_Q3-2026,"We also recognize that the environment around us has become increasingly dynamic, and could experience unplanned volatility due to the disruption in the Middle East, rising oil prices, and other factors that could impact either input costs or consumer behavior.",boilerplate,2,boilerplate_2v1,substantive,substantive,boilerplate,boilerplate,0.82,0.82,0.72,0.6
27413ea3102d,FAST_Q3-2025,If -- there's nothing in there that I'm going to lose sleep over other than cautioning everybody in August to slow that down because it doesn't do anything for Q3.,boilerplate,2,boilerplate_2v1,substantive,substantive,boilerplate,boilerplate,0.62,0.65,0.85,0.7
28831d896ea7,GS_Q2-2025,"The investment we've made to strengthen and grow our global client franchise, including our emphasis on scaling capital-light businesses have materially enhanced the resilience of our firm.",boilerplate,2,boilerplate_2v1,substantive,boilerplate,substantive,boilerplate,0.62,0.75,0.72,0.7
28ce420d6f09,GS_Q1-2024,"Obviously, we have a variety of both capital and liquidity ratios that we manage to over time.",boilerplate,3,boilerplate_2v1,substantive,boilerplate,boilerplate,boilerplate,0.52,0.85,0.92,0.7
29adc88da363,FAST_Q1-2024,"And we started doing that probably 5, 6 years later, and we've been doing that for many years In 2020 and 2021 because of COVID, we had to shut down the event.",substantive,3,substantive_2v1,substantive,substantive,boilerplate,substantive,0.6,0.55,0.85,0.7
2a9442708674,FDX_Q1-2025,We anticipate some improvement in the pricing environment skewed toward the second half of the fiscal year.,substantive,3,substantive_2v1,substantive,substantive,substantive,boilerplate,0.82,0.82,0.85,0.6
2bb1516f3fba,AMD_Q1-2024,"This is about sort of TCO for sort of the customer environment and sort of our performance and our performance per watt, our leadership.",boilerplate,3,boilerplate_2v1,substantive,boilerplate,boilerplate,boilerplate,0.52,0.75,0.85,0.6
2c25277fdb30,AVGO_Q2-2025,"Hock, good to see the positive growth inflection quarter-over-quarter, year-over-year growth rates in your AI business.",boilerplate,3,boilerplate_2v1,boilerplate,boilerplate,boilerplate,substantive,0.85,0.92,0.92,0.75
2f0196f99c5b,NVDA_Q3-2025,"On supply constraints, is it a multitude of componentry that's causing this or is it specifically CoWoS, HBM?",substantive,3,substantive_2v1,substantive,substantive,substantive,boilerplate,0.75,0.75,0.92,0.7
305c242b6238,FAST_Q4-2024,"If you need it faster than that, we can ship it overnight, but that gets expensive.",boilerplate,2,boilerplate_2v1,substantive,boilerplate,boilerplate,substantive,0.52,0.85,0.85,0.7
30e7d0eeb03f,INTC_Q2-2024,As we move the Intel 43 capacity into Ireland.,substantive,3,substantive_2v1,substantive,substantive,substantive,boilerplate,0.62,0.7,0.85,0.6
3153064e7f96,FAST_Q2-2025,And I would just throw out -- we've made several leadership changes during the quarter.,substantive,3,substantive_2v1,substantive,substantive,boilerplate,substantive,0.55,0.55,0.85,0.7
319a5864c2ca,INTC_Q1-2024,"And as we go into the second half of the year, we're engaging deeply with our customers today, our OEM partners, and we just see strength across the board, right?",boilerplate,3,boilerplate_2v1,boilerplate,boilerplate,boilerplate,substantive,0.72,0.85,0.85,0.6
32793448d86e,JPM_Q1-2025,"And then just separately, if we look at the delinquencies for the home lending, the increase both 2Q and year-over-year, is that just some of the noise from the First Republic deal as you take the marks upfront and then those portfolios essentially re-season from an accounting point of view?",substantive,3,substantive_2v1,substantive,boilerplate,substantive,substantive,0.82,0.62,0.85,0.85
32ffc8876d96,GS_Q3-2025,Everything about the G-SIB surcharge and Basel endgame.,boilerplate,2,boilerplate_2v1,substantive,substantive,boilerplate,boilerplate,0.62,0.7,0.92,0.6
33696859215a,INTC_Q2-2024,The AIPC category is transforming every aspect of the compute experience and Intel is at the forefront of this category creating moment.,boilerplate,3,boilerplate_2v1,substantive,boilerplate,boilerplate,boilerplate,0.6,0.85,0.85,0.6
33a8f63683a4,NVDA_Q3-2025,Some of it would be digital artist intelligence like Runway.,boilerplate,2,boilerplate_2v1,substantive,substantive,boilerplate,boilerplate,0.62,0.6,0.85,0.6
347b34046cec,PLTR_Q1-2024,More and more customers are expanding their work with us due to AIP and the incredible traction our software has within their organizations.,substantive,3,substantive_2v1,substantive,boilerplate,substantive,substantive,0.6,0.75,0.72,0.7
34a8e4dd45cb,PLTR_Q4-2024,"To get the AI to actually work in an enterprise, you have to re-segment, re-concatenate the large language models in a way where the use case is thin enough that they can actually provide exact enough information.",substantive,3,substantive_2v1,substantive,substantive,substantive,boilerplate,0.72,0.65,0.72,0.6
356c003c8feb,AMD_Q4-2023,So I think there's an opportunity for us to continue to gain share as we go through 2024.,boilerplate,3,boilerplate_2v1,substantive,boilerplate,boilerplate,boilerplate,0.6,0.82,0.92,0.6
35cf82e6bd1c,NVDA_Q2-2025,That our ecosystem partners the world-leading IT companies used to help companies customize AI models and build bespoke AI applications.,substantive,3,substantive_2v1,substantive,substantive,boilerplate,substantive,0.6,0.55,0.85,0.7
36e9e5d0f757,AVGO_Q3-2024,"Some of the merchant guys obviously are also in the hyperscaler today, but there's a process, obviously, of a transition going on.",substantive,3,substantive_2v1,substantive,substantive,substantive,boilerplate,0.55,0.55,0.72,0.6
3778a51456f4,JPM_Q3-2025,Executives - Chairman & CEO It's one example of like really bad accounting.,boilerplate,3,boilerplate_2v1,substantive,boilerplate,boilerplate,boilerplate,0.52,0.72,0.85,0.7
38924f6ab7b1,NVDA_Q1-2026,"As that stack grows to include 6G and quantum, U.S. global infrastructure leadership is at stake.",substantive,3,substantive_2v1,substantive,substantive,boilerplate,substantive,0.65,0.72,0.85,0.7
39117a2f641b,NKE_Q3-2025,"And given that it's a monobrand market, as Elliott mentioned, it's going to take us time to execute the Win Now in China.",boilerplate,2,boilerplate_2v1,substantive,substantive,boilerplate,boilerplate,0.62,0.6,0.72,0.6
393904b19a28,NVDA_Q1-2025,Liquid cooling is going to save data centers a lot of money in provisioning power and not to mention to be more energy efficient.,substantive,3,substantive_2v1,substantive,substantive,boilerplate,substantive,0.62,0.6,0.85,0.7
399a2b1bd730,BLK_Q3-2025,The Indian market remains largely untapped and is today a country of savers rather investors.,substantive,3,substantive_2v1,substantive,substantive,substantive,boilerplate,0.62,0.6,0.75,0.6
3a4614a3fc6f,PLTR_Q4-2025,"Gotham's new suite of integrated capabilities, platform-run Foundry, met their moment.",boilerplate,2,boilerplate_2v1,substantive,substantive,boilerplate,boilerplate,0.62,0.6,0.85,0.6
3b32e9187f8b,INTC_Q2-2025,"We continue to maintain solid liquidity, but despite meaningful capital spending offsets.",boilerplate,3,boilerplate_2v1,substantive,boilerplate,boilerplate,boilerplate,0.6,0.65,0.72,0.6
3b8575fce726,NVDA_Q1-2026,"Scaling out is easier to do, but scaling up is hard to do.",boilerplate,3,boilerplate_2v1,substantive,boilerplate,boilerplate,boilerplate,0.48,0.82,0.92,0.7
3c3838ae8f0d,FAST_2026_01_20,"So I mean it's a big focus for us next year and we definitely see that to be becoming an increasing number as we move forward, especially in the latter half of '26.",boilerplate,2,boilerplate_2v1,substantive,substantive,boilerplate,boilerplate,0.62,0.6,0.85,0.6
3c4dafa5a0ab,BLK_Q4-2023,"We invest first either to scale strategic growth initiatives or drive operational efficiency, and then return excess cash to our shareholders through a combination of dividends and share repurchases.",substantive,3,substantive_2v1,substantive,substantive,substantive,boilerplate,0.62,0.6,0.75,0.7
3d7ef2dbb11f,JNJ_Q2-2024,"And given our leadership position in China, we are seeing that as a short-term tailwind.",substantive,3,substantive_2v1,substantive,substantive,substantive,boilerplate,0.72,0.72,0.72,0.6
3d8198fb5cc6,JNJ_Q2-2025,"Beginning with Innovative Medicine, where our results demonstrate the depth of our expertise in Oncology, Immunology and Neuroscience.",substantive,3,substantive_2v1,substantive,substantive,boilerplate,substantive,0.6,0.6,0.85,0.7
3e6464306b88,JPM_Q3-2024,"And the yield curve, if you have a recession, the effect of the yield curve will be very different than if you have continued growth.",boilerplate,2,boilerplate_2v1,substantive,substantive,boilerplate,boilerplate,0.6,0.6,0.85,0.7
3f2d11ac9008,NVDA_Q2-2025,Generative AI frontier model makers are racing to scale to the next AI plateau to increase model safety and IQ.,boilerplate,3,boilerplate_2v1,substantive,boilerplate,boilerplate,boilerplate,0.6,0.75,0.85,0.6
3f7c8a013abf,INTC_Q3-2025,"So how are you going to get the customers off of the older products where they haven't shown any desire to get off of them so far, even given the constraints that they've been under?",boilerplate,3,boilerplate_2v1,substantive,boilerplate,boilerplate,boilerplate,0.6,0.72,0.92,0.9
3ff760e939cf,FAST_Q2-2025,But what you saw was an incredible leaning down of our operating expenses.,boilerplate,3,boilerplate_2v1,substantive,boilerplate,boilerplate,boilerplate,0.55,0.72,0.85,0.6
4101505d69f7,NKE_Q2-2026,"And we're trying to turn around our business across 3 brands, multiple sports in 4 geographies.",substantive,3,substantive_2v1,substantive,substantive,boilerplate,substantive,0.65,0.65,0.85,0.7
410c44eceb71,FAST_Q3-2024,"Our -- when I look at the daily sales rate for September, it really, I believe, points to some very good changes and alignment and some personnel moves that we've made in the last 12 to 18 months, and I credit Jeff Watts and his team for some really smart moves.",boilerplate,2,boilerplate_2v1,substantive,boilerplate,substantive,boilerplate,0.6,0.75,0.72,0.6
42493d80edc4,INTC_Q2-2024,"And as Dave said, Lunar Lake and Panther Lake only make our market position stronger.",boilerplate,3,boilerplate_2v1,substantive,boilerplate,boilerplate,boilerplate,0.6,0.75,0.85,0.6
4266cc806c98,BLK_Q3-2024,"We have a long history of good integration, whether it's the integration of BGI, [ Malin ], Aperio, eFront.",substantive,3,substantive_2v1,substantive,substantive,substantive,boilerplate,0.72,0.72,0.75,0.6
427f49056212,AMD_Q3-2024,"I guess maybe building on the latter point that you just made, I'm curious of how you would characterize your supply chain having evolved now talking about $5-plus billion.",substantive,3,substantive_2v1,substantive,substantive,substantive,boilerplate,0.65,0.65,0.72,0.6
43f192a4c531,C_Q3-2024,"I also hope that you would then see that as we deliver on the expense target that we have a path to continuing to deliver on the medium-term expense target, the drivers of which I mentioned earlier.",boilerplate,2,boilerplate_2v1,substantive,substantive,boilerplate,boilerplate,0.6,0.6,0.85,0.7
4401add0a7b5,WFC_Q4-2024,"Our outlook assumes the S&P 500 will be up modestly from current levels, but clearly, the ultimate performance of the markets is uncertain.",boilerplate,2,boilerplate_2v1,substantive,substantive,boilerplate,boilerplate,0.82,0.75,0.92,0.7
455eb9019e8d,JNJ_Q3-2025,"I guess, I'm trying to understand if growth will accelerate next year on an adjusted operational basis, excluding the extra week?",boilerplate,3,boilerplate_2v1,boilerplate,boilerplate,substantive,boilerplate,0.62,0.82,0.85,0.7
459cb8f33fe5,WFC_Q4-2025,"So to that point, we do disclose that, and so we would encourage everyone to look at that disclosure and as you project forward to think about that number as opposed to just the pieces because it will -- the mix will change depending on the rate environment.",boilerplate,2,boilerplate_2v1,substantive,substantive,boilerplate,boilerplate,0.62,0.6,0.72,0.7
45f096d449ba,FDX_Q3-2026,"So yes, the answer is from a domestic priority perspective, that is where you will see the majority of the health care.",substantive,3,substantive_2v1,substantive,substantive,boilerplate,substantive,0.55,0.6,0.85,0.7
4661b7010f59,FDX_Q4-2024,"In FY '24, we remained focused on reducing our capital intensity, increasing ROIC, and continuing to provide increased stockholder returns all while maintaining a strong balance sheet.",boilerplate,2,boilerplate_2v1,substantive,substantive,boilerplate,boilerplate,0.62,0.6,0.85,0.7
469d2d450444,AVGO_Q1-2026,"Question Analysts - Senior MD & Semiconductor Research Analyst I'm curious, how are you thinking about the move to disaggregate prefill and decode from the GPU ecosystem and the impact to custom silicon demand?",substantive,3,substantive_2v1,substantive,substantive,substantive,boilerplate,0.85,0.8,0.85,0.9
48f95b44e7e4,GS_Q2-2024,Can you talk about how material it was and what drove real estate gains during the quarter?,boilerplate,3,boilerplate_2v1,boilerplate,boilerplate,substantive,boilerplate,0.62,0.85,0.92,0.9
498c983e10f2,INTC_Q2-2025,We're not giving out the guidance by business unit.,boilerplate,2,boilerplate_2v1,substantive,substantive,boilerplate,boilerplate,0.72,0.72,0.92,0.8
4a3464333a8a,GS_Q2-2024,"And based on what we see develop from the client franchise, we will make that assessment, we'll manage our capital to an appropriate buffer, but we're still certainly in a position to continue to return capital to shareholders.",boilerplate,2,boilerplate_2v1,substantive,substantive,boilerplate,boilerplate,0.65,0.65,0.72,0.7
4ab19cedb661,NKE_Q1-2025,I talked about the momentum that is building in Running.,boilerplate,3,boilerplate_2v1,substantive,boilerplate,boilerplate,boilerplate,0.52,0.82,0.85,0.7
4d5b04cafa7a,INTC_Q4-2024,"As such, a one-size-fits-all approach will not work, and I can see clear opportunities to leverage our core assets in new ways to drive the most compelling total cost of ownership across the continuum.",boilerplate,3,boilerplate_2v1,substantive,boilerplate,boilerplate,boilerplate,0.52,0.85,0.92,0.7
500a63afd844,NVDA_Q2-2026,And that is -- we call that Spectrum-X Ethernet.,boilerplate,2,boilerplate_2v1,substantive,substantive,boilerplate,boilerplate,0.6,0.7,0.85,0.7
50ed2b29bd0a,PLTR_Q4-2025,"Well, it means that -- first of all, that the way in which we view value is obviously no longer relevant, that the bottom of the stack somehow is where the value is lessened, and the top of the stack where we impregnate the world with AI with ontology and FDE and tribal knowledge, which is represented at this table, is actually where the value is created.",substantive,3,substantive_2v1,substantive,substantive,substantive,boilerplate,0.62,0.6,0.72,0.7
5167ef7609d7,NVDA_Q4-2024,Question Analysts - MD and Head of Semiconductors & Semiconductor Equipment I wanted to ask about how you're converting backlog into revenue.,boilerplate,3,boilerplate_2v1,substantive,boilerplate,boilerplate,boilerplate,0.6,0.85,0.92,0.9
51ac3d013940,NVDA_Q4-2026,"Our demand profile is broad, diverse and expanding beyond just chatbots.",boilerplate,2,boilerplate_2v1,substantive,substantive,boilerplate,boilerplate,0.6,0.6,0.85,0.6
53da9e52bfae,JPM_Q1-2025,And I do think that the fact that the revenue performance in this quarter is good shouldn't make us lose focus on the importance of the larger fixes around financial resource deployment by regulated banks to supporting the capital markets ecosystem.,boilerplate,2,boilerplate_2v1,substantive,substantive,boilerplate,boilerplate,0.62,0.6,0.85,0.6
54001e3ce7df,JNJ_Q1-2026,We actually don't disclose the [ MFA ] sales at this point in time.,substantive,3,substantive_2v1,substantive,substantive,substantive,boilerplate,0.62,0.65,0.85,0.9
5411e4115163,JPM_Q3-2024,"Executives - Chairman & CEO I understand the debt markets, rates came down, spreads are quite low and markets are wide open.",substantive,3,substantive_2v1,substantive,substantive,substantive,boilerplate,0.72,0.72,0.75,0.6
5506a492763e,NKE_Q3-2024,"Starting last June, we aligned our organization to put the consumer and a sharp focus on sport back at the center of everything we do.",boilerplate,2,boilerplate_2v1,substantive,boilerplate,substantive,boilerplate,0.6,0.82,0.72,0.7
556b9909bffa,WFC_Q3-2025,"First, our aspirations, to be the top U.S. consumer and small business bank and wealth manager, providing industry-leading deposit, loan, investment and payments products, also to be the top U.S. bank to businesses of all sizes with the goal of being a top 5 U.S. investment bank.",boilerplate,2,boilerplate_2v1,substantive,substantive,boilerplate,boilerplate,0.75,0.75,0.92,0.7
55e3315388f7,FAST_Q1-2024,And so we tempered the closures really to -- because we felt that talent could slide over into the other -- into branches that are growing but also into this new Onsite growth element because we had the talent to move.,substantive,3,substantive_2v1,substantive,substantive,substantive,boilerplate,0.72,0.65,0.72,0.7
563059c9c670,NKE_Q3-2025,Our product visibility goes well beyond 4 quarters.,boilerplate,3,boilerplate_2v1,substantive,boilerplate,boilerplate,boilerplate,0.52,0.82,0.85,0.6
5647b40e8a43,GS_Q4-2025,But you need to look at the efficiency ratio on a full year basis.,boilerplate,3,boilerplate_2v1,substantive,boilerplate,boilerplate,boilerplate,0.55,0.72,0.85,0.6
571f91023eec,NVDA_Q1-2026,By putting the power of an AI supercomputer in a desktop form factor.,boilerplate,3,boilerplate_2v1,substantive,boilerplate,boilerplate,boilerplate,0.52,0.72,0.92,0.7
58f9895c3cc6,BLK_Q1-2025,The market downturn impacts millions of ordinary people's retirement savings.,boilerplate,3,boilerplate_2v1,substantive,boilerplate,boilerplate,boilerplate,0.52,0.82,0.92,0.6
59e97a957100,FDX_Q3-2024,"As you'd expect, with everything going on, there's legal and accounting exercises that need to take place to get us through this next period, including June 1 date of One FedEx.",boilerplate,2,boilerplate_2v1,substantive,substantive,boilerplate,boilerplate,0.72,0.75,0.72,0.7
5bb889378dea,BLK_Q1-2025,We have a couple of announcements of partnerships with other organizations in LatAm that we're working on.,boilerplate,2,boilerplate_2v1,substantive,substantive,boilerplate,boilerplate,0.6,0.6,0.75,0.6
5bdcc95d0bf0,FAST_Q2-2024,"However, it did ease from where it was in the first quarter of 2024.",substantive,3,substantive_2v1,substantive,substantive,substantive,boilerplate,0.55,0.6,0.72,0.6
5c4d73d60eac,WFC_Q4-2023,"We will continue to consider current market conditions, including interest rate movements, risk-weighted asset levels, stress test results as well as any potential economic uncertainty with respect to the amount and timing of share repurchases over the coming quarters.",substantive,3,substantive_2v1,substantive,substantive,boilerplate,substantive,0.72,0.65,0.85,0.75
5c9648ac032a,JPM_Q3-2024,"We've actually deployed a lot of capital, some of those almost have been paid off, some of it's done.",substantive,3,substantive_2v1,substantive,substantive,boilerplate,substantive,0.52,0.55,0.72,0.7
5cd1d5e41cf5,FDX_Q1-2026,"The one thing that I can emphasize that as we look at the difference between the Q1 and Q2 through Q4, the domestic momentum.",substantive,3,substantive_2v1,substantive,substantive,substantive,boilerplate,0.55,0.55,0.72,0.6
5d4e473b0f17,NVDA_Q4-2026,"And so the more compute that they can stand online, bring online, the faster their revenues will grow.",boilerplate,3,boilerplate_2v1,substantive,boilerplate,boilerplate,boilerplate,0.55,0.75,0.85,0.6
5d53f1a0db4f,BLK_Q3-2025,"The last thing I'd flag is these strategies are contributing, I think, to fee yield improvement.",boilerplate,2,boilerplate_2v1,substantive,boilerplate,substantive,boilerplate,0.6,0.72,0.72,0.5
5dd5f66c3f4c,AMD_Q4-2023,"While we are not providing specific full year guidance for 2024, let me provide some color.",boilerplate,2,boilerplate_2v1,substantive,substantive,boilerplate,boilerplate,0.62,0.6,0.85,0.9
5f9441da9db1,FAST_Q3-2025,"Second thing on this slide, for me, Q3 was a quarter of profitable growth.",substantive,3,substantive_2v1,substantive,substantive,boilerplate,substantive,0.62,0.6,0.85,0.7
62a966c88874,AVGO_Q1-2025,"So those are trends we see today and a lot of it coming out of AI, a lot of it coming out of sensitive rules on sovereignty in cloud and data.",substantive,3,substantive_2v1,substantive,boilerplate,substantive,substantive,0.6,0.75,0.72,0.7
630b3e3a20e2,FAST_Q3-2025,"Figure out what you need, surgically buy product based on cost components, but don't do a broad brush on this.",boilerplate,2,boilerplate_2v1,substantive,substantive,boilerplate,boilerplate,0.52,0.55,0.85,0.7
6318a962a694,NVDA_Q3-2026,"Therefore, a new approach is necessary for them to keep driving the cost down.",boilerplate,3,boilerplate_2v1,substantive,boilerplate,boilerplate,boilerplate,0.45,0.75,0.92,0.7
64368cc73849,PLTR_Q4-2023,"AIP is the AI-powered operating system for the enterprise, not a Q&A bot, not an agent framework, not a way to dabble, but a way to deliver.",substantive,3,substantive_2v1,substantive,substantive,substantive,boilerplate,0.72,0.72,0.85,0.7
6453fa355185,C_Q4-2024,Or how do you think about the rest of the year on the buybacks.,boilerplate,3,boilerplate_2v1,substantive,boilerplate,boilerplate,boilerplate,0.55,0.85,0.92,0.9
64b228d06615,NVDA_Q4-2026,"The computing demand is just a lot higher, and so if we continue to believe there's value in it, and we'll talk about that in a second, then the world will invest to produce that token.",boilerplate,3,boilerplate_2v1,substantive,boilerplate,boilerplate,boilerplate,0.55,0.72,0.85,0.6
64d59c373a33,NKE_Q3-2026,We had been servicing our consumers with a direct-to-consumer model.,boilerplate,2,boilerplate_2v1,substantive,substantive,boilerplate,boilerplate,0.55,0.6,0.85,0.7
65321d37b210,PLTR_Q2-2025,"As LLMs continue to improve, it only further accelerates the value realization and therefore, the value of our products.",boilerplate,3,boilerplate_2v1,substantive,boilerplate,boilerplate,boilerplate,0.55,0.82,0.85,0.7
657033f058e0,WFC_Q3-2025,"Analysts - MD & Head of United States Bank Research Within your deposit growth expectations, within retail specifically, could you speak to geographies or products you're pushing the hardest and maybe where there's the biggest opportunity for growth over the coming years?",boilerplate,3,boilerplate_2v1,boilerplate,boilerplate,substantive,boilerplate,0.72,0.85,0.85,0.9
669272ddca78,WFC_Q3-2025,And we don't see any meaningful changes across different affluence levels.,substantive,3,substantive_2v1,substantive,substantive,substantive,boilerplate,0.6,0.6,0.72,0.7
66f17f729791,GS_Q3-2025,"We are thrilled to partner with T. Rowe which, like Goldman Sachs, has a strong brand with a long track record of success across investing in capital markets and in producing strong investment returns for clients.",boilerplate,2,boilerplate_2v1,substantive,substantive,boilerplate,boilerplate,0.6,0.6,0.92,0.6
67d835b18717,AVGO_Q2-2025,"Networking is hot, but that doesn't mean XPU is any soften.",boilerplate,2,boilerplate_2v1,substantive,substantive,boilerplate,boilerplate,0.6,0.6,0.85,0.6
68714b825511,BLK_Q1-2025,We've definitely been well below that in recent years.,boilerplate,3,boilerplate_2v1,substantive,boilerplate,boilerplate,boilerplate,0.52,0.75,0.92,0.6
68efdf256c65,NKE_Q2-2026,All of these new concepts will come to the consumer in the back half of the year.,substantive,3,substantive_2v1,substantive,substantive,substantive,boilerplate,0.65,0.7,0.72,0.6
6936a84fe8f0,AMD_Q3-2025,"I think the key point being, clearly, there's a desire to get on the latest and greatest GPUs when you're building new data center infrastructure.",boilerplate,2,boilerplate_2v1,substantive,substantive,boilerplate,boilerplate,0.6,0.6,0.85,0.6
6a344db73ee5,BLK_Q3-2025,"And then just looking at your private markets flows, those sort of stepped up nicely sequentially as they did earlier in the year when you acquired GIP.",substantive,3,substantive_2v1,substantive,boilerplate,substantive,substantive,0.72,0.72,0.85,0.75
6af2b14e9712,C_Q2-2024,"And what that is, is in Argentina, we have capital there.",substantive,3,substantive_2v1,substantive,substantive,boilerplate,substantive,0.52,0.6,0.85,0.6
6b9b5ca8c8f5,NKE_Q4-2025,"And so when I think about the longer term, our goal is to return to sustainable organic revenue growth and to see the recovery of these transitory impacts that we've been talking about as we've been repositioning the business.",boilerplate,3,boilerplate_2v1,substantive,boilerplate,boilerplate,boilerplate,0.62,0.82,0.85,0.7
6beb2bbf6147,AVGO_Q3-2024,"But see, we do not focus very much on enterprise AI market, as you know well.",substantive,3,substantive_2v1,substantive,substantive,substantive,boilerplate,0.6,0.65,0.75,0.7
6d42935896a1,NKE_Q2-2026,"Future, and we had kids lining up for that shoe.",boilerplate,2,boilerplate_2v1,substantive,substantive,boilerplate,boilerplate,0.52,0.55,0.92,0.7
6e581cf4a33a,JPM_Q3-2025,"This administration is saying things and, from what we're seeing, transitioning to action quite quickly.",boilerplate,3,boilerplate_2v1,substantive,boilerplate,boilerplate,boilerplate,0.52,0.75,0.92,0.6
6e6af0de5f7d,C_Q2-2024,"After a break in progress, inflation now appears back on a downward trajectory.",substantive,3,substantive_2v1,substantive,substantive,substantive,boilerplate,0.72,0.6,0.72,0.6
70bb48da5ab7,FAST_Q3-2025,"The only difference between now and then is we know what we know now, and that is it's going to be a little bit lower than we thought, which frankly, is a good thing because it tells me we've probably put in more substitutions in place.",substantive,3,substantive_2v1,substantive,substantive,boilerplate,substantive,0.62,0.6,0.85,0.7
7133088c0728,JNJ_Q1-2024,"I'll now discuss our full year 2024 guidance, which excludes the recently announced acquisition of Shockwave.",substantive,3,substantive_2v1,substantive,boilerplate,substantive,substantive,0.72,0.75,0.92,0.9
716762eb2123,BLK_Q1-2024,"It comes from organizational design, global footprinting using some of our innovation hubs around the world.",boilerplate,3,boilerplate_2v1,substantive,boilerplate,boilerplate,boilerplate,0.55,0.75,0.85,0.6
720e1e947d2b,AVGO_Q1-2024,I do not go into production as a rail customer at this point.,substantive,3,substantive_2v1,substantive,substantive,substantive,boilerplate,0.62,0.72,0.85,0.7
722296907601,AVGO_Q3-2025,"And they are the guys who would invest, who need to invest a lot initially, in my view, on training, training of ever larger and larger clusters of ever more capable accelerators.",boilerplate,2,boilerplate_2v1,substantive,substantive,boilerplate,boilerplate,0.6,0.6,0.85,0.6
732770e8592b,JNJ_Q2-2025,I will now comment on business sales performance in the quarter with a focus on the 6 areas Joaquin discussed that will drive significant growth for the enterprise.,boilerplate,3,boilerplate_2v1,boilerplate,boilerplate,boilerplate,substantive,0.72,0.85,0.92,0.7
732bd7ca3c77,PLTR_Q1-2024,"You see the same thing in the government, Shyam and others will talk about it, but our mission footprint, whether it's in Ukraine, Israel or in the United States government is stunning.",substantive,3,substantive_2v1,substantive,substantive,substantive,boilerplate,0.72,0.72,0.72,0.6
73e1d2956d40,AMD_Q1-2024,Could it be a lot more than that in terms of your exit rate of MI for this year?,boilerplate,3,boilerplate_2v1,substantive,boilerplate,boilerplate,boilerplate,0.6,0.72,0.85,0.9
749ad45c5b5d,PLTR_Q4-2023,Europe has decided that they are not going to engage in this revolution.,boilerplate,2,boilerplate_2v1,substantive,substantive,boilerplate,boilerplate,0.6,0.6,0.85,0.7
751da47de00f,BLK_Q2-2024,"If and when the private equity markets unlock itself and there's a little more distribution, maybe you could see some of that cash going out and re-risking.",boilerplate,2,boilerplate_2v1,substantive,substantive,boilerplate,boilerplate,0.62,0.6,0.85,0.7
7537a44f3d83,FAST_Q3-2025,There was also some changes that we talked about on some pay programs we were making.,boilerplate,3,boilerplate_2v1,substantive,boilerplate,boilerplate,boilerplate,0.52,0.72,0.85,0.6
76202389d69f,BLK_Q1-2024,"They want their portfolios to be more holistically blending public and private markets, active in an index.",boilerplate,2,boilerplate_2v1,substantive,substantive,boilerplate,boilerplate,0.6,0.6,0.85,0.6
765860ccced0,JPM_Q1-2026,I totally agree with Jamie that there is no systematic risk come as long as we assume the every type of capital expenditures continue with good yield outlook.,boilerplate,2,boilerplate_2v1,substantive,substantive,boilerplate,boilerplate,0.6,0.55,0.85,0.6
76dcf08746d3,FDX_Q3-2026,"And I'm assuming that as you come to the end of hiring all the new salespeople, there's going to be a ramp time until they start producing some fruits for their labor.",boilerplate,3,boilerplate_2v1,substantive,boilerplate,boilerplate,boilerplate,0.6,0.82,0.85,0.7
7826f5bf5a20,JPM_Q4-2025,And it should very much not be a sort of goal-seeking exercise for some arbitrary number at the level of the system or for large banks or for small banks and certainly not for any given firm.,boilerplate,3,boilerplate_2v1,substantive,boilerplate,boilerplate,boilerplate,0.52,0.82,0.92,0.8
7a2dd44e623d,INTC_Q3-2024,"Longer term, I just think as we continually improve our product portfolio, both in Foundry and Products, that usually commands a better margin profile and also longer term be a tailwind.",boilerplate,2,boilerplate_2v1,substantive,substantive,boilerplate,boilerplate,0.62,0.6,0.85,0.7
7e199a6ff287,AVGO_Q2-2024,"It's not -- what we're offering, obviously, is not something that they would like to use themselves, to be able to do themselves, which is they're already spending on building their own on-prem data centers.",boilerplate,2,boilerplate_2v1,substantive,substantive,boilerplate,boilerplate,0.52,0.55,0.85,0.6
7ff45758d37d,NVDA_Q1-2026,"I was wondering if you could give some additional color around the strength you saw within the networking business, particularly around the adoption of your Ethernet solutions at CSPs as well as any change you're seeing in network attach rates.",boilerplate,3,boilerplate_2v1,boilerplate,boilerplate,substantive,boilerplate,0.72,0.82,0.85,0.9
80144c45ae6f,FDX_Q1-2025,"In Europe, we further optimized in-station processes.",boilerplate,2,boilerplate_2v1,substantive,boilerplate,boilerplate,substantive,0.52,0.82,0.85,0.7
81b764ddd75a,FAST_Q3-2024,"Of those 3 scenarios, personally, I think the second and third have a greater probability, one or the other, than the first.",boilerplate,2,boilerplate_2v1,substantive,substantive,boilerplate,boilerplate,0.62,0.65,0.92,0.6
81d6ab9165c5,FAST_Q1-2025,"And so -- but there is no silver bullet that will cause something where you have a tariff that was declared on Wednesday or Thursday -- Wednesday, I guess it was, that's 145%.",substantive,3,substantive_2v1,substantive,substantive,boilerplate,substantive,0.72,0.75,0.85,0.7
820eee423d81,NKE_Q4-2024,"And as we are saying, as we move into the end of this second half of this fiscal year, which we talk about is spring '25 and summer '25 of the seasons, the amount and breadth and depth of the innovation is just accelerating significantly.",boilerplate,3,boilerplate_2v1,substantive,boilerplate,boilerplate,boilerplate,0.62,0.82,0.85,0.6
825b9d970a1b,PLTR_Q2-2024,"Executives - Co-Founder, CEO & Director Well, and Shyam's leading this charge, but the reason it, I think, is likely to work is because not just America but every allied nation is -- has the problem that they cannot get their military production to work.",substantive,3,substantive_2v1,substantive,substantive,substantive,boilerplate,0.55,0.6,0.72,0.6
82c75b4c8e3b,GS_Q4-2024,The subsegments that we report into are not changing.,substantive,3,substantive_2v1,substantive,substantive,substantive,boilerplate,0.55,0.6,0.85,0.7
82f557591bbd,BLK_Q2-2024,We think this opportunity to index the private markets is really one of the most attractive that we've had in the history of BlackRock.,boilerplate,3,boilerplate_2v1,substantive,boilerplate,boilerplate,boilerplate,0.62,0.82,0.85,0.6
848018e46691,JPM_Q1-2025,Executives - Chairman & CEO I just would also say it may not be deposits.,boilerplate,3,boilerplate_2v1,substantive,boilerplate,boilerplate,boilerplate,0.45,0.72,0.92,0.6
849bd54ec20c,AVGO_Q1-2026,"And in spite of all the hubris noise out there on what's available, they think very long term on how they deploy the XPUs they develop with us, how they deploy in achieving better and better LLMs that they want to create.",substantive,3,substantive_2v1,substantive,substantive,substantive,boilerplate,0.6,0.6,0.72,0.6
84c018fb75ae,JPM_Q2-2024,"So first and foremost, we're looking to deploy the capital into organic or inorganic growth.",boilerplate,2,boilerplate_2v1,substantive,substantive,boilerplate,boilerplate,0.6,0.6,0.85,0.6
860b49c66047,INTC_Q4-2024,"Alongside our investments in enterprise, our ecosystem reach also positions us well in AI PC consumer markets.",boilerplate,3,boilerplate_2v1,substantive,boilerplate,boilerplate,boilerplate,0.52,0.82,0.85,0.6
87232b9b7c48,JNJ_Q3-2025,"We do not believe that the one you're referring to has any significant materiality and shouldn't impact, we would say, moderate, certainly not material from an overall performance perspective.",boilerplate,2,boilerplate_2v1,substantive,substantive,boilerplate,boilerplate,0.62,0.65,0.85,0.7
87b8c3021405,FAST_Q4-2023,Now an Onsite might be we're physically inside the customer's facility.,boilerplate,2,boilerplate_2v1,substantive,substantive,boilerplate,boilerplate,0.55,0.6,0.85,0.7
8912dddef533,NKE_Q2-2026,We're resetting the marketplace for Converse under new leadership.,substantive,3,substantive_2v1,substantive,substantive,boilerplate,substantive,0.6,0.6,0.85,0.7
8942a484a291,FAST_Q4-2024,"And the third is when you're buying stuff in a rush, you don't buy better than when you buy stuff in a planned fashion.",boilerplate,2,boilerplate_2v1,substantive,substantive,boilerplate,boilerplate,0.55,0.6,0.92,0.7
89e85831afc7,WFC_Q1-2024,And then it starts with like deposits and deposit mix and deposit pricing and then goes through the rest of where we think the assets sort of net out.,boilerplate,2,boilerplate_2v1,substantive,substantive,boilerplate,boilerplate,0.6,0.6,0.85,0.7
8b3c470d12a9,JPM_Q1-2026,"Same risk be regulated in the same way, and it doesn't become the case that you just create a giant arbitrage back door or the provision on the payment of interest for stable funds.",boilerplate,2,boilerplate_2v1,substantive,substantive,boilerplate,boilerplate,0.62,0.6,0.72,0.6
8c6f03ebf97a,C_Q4-2025,And we're going to continue to bring in top talent to fill remaining gaps that we have notably in North America.,boilerplate,2,boilerplate_2v1,substantive,substantive,boilerplate,boilerplate,0.6,0.6,0.92,0.7
8d826a7a1aef,JPM_Q4-2024,"I guess there could be some versions of the world where the numerator is a little less, and then guessing about our central case and comparing our projected capital amount to that number to determine the excess.",boilerplate,2,boilerplate_2v1,substantive,substantive,boilerplate,boilerplate,0.55,0.6,0.85,0.7
8fa0605e9da3,WFC_Q2-2025,We also see opportunities to allocate more balance sheet to our markets business to drive increased profitability.,substantive,3,substantive_2v1,substantive,substantive,substantive,boilerplate,0.72,0.65,0.75,0.6
918cc3754787,NKE_Q3-2025,"One thing it was great to see for the right product drops like the Nike Black Label Collection, the Kobe Protros, Jordan Red 1s and Jordan 4 Cement, the passion of sneaker culture is alive.",substantive,3,substantive_2v1,substantive,substantive,boilerplate,substantive,0.72,0.75,0.85,0.7
91c28822f7ce,C_Q4-2024,We've also been cutting some of the unproductive spend.,boilerplate,2,boilerplate_2v1,substantive,substantive,boilerplate,boilerplate,0.52,0.55,0.85,0.7
91d48a664b5c,GS_Q3-2025,"And I do -- going back to where I started, I do think this improves our competitive position relative to others that are outside of the regulatory landscape.",boilerplate,3,boilerplate_2v1,substantive,boilerplate,boilerplate,boilerplate,0.55,0.82,0.85,0.6
91ede65f85de,JPM_Q3-2024,And you would normally think that rotation out of discretionary into nondiscretionary would be a sign of consumers battening down the hatches and getting ready for a much worse environment.,boilerplate,2,boilerplate_2v1,substantive,substantive,boilerplate,boilerplate,0.62,0.7,0.92,0.7
92bf81a84bb1,NKE_Q2-2026,"In Greater China, we highlighted last quarter that we were facing a longer road to a healthier business.",boilerplate,2,boilerplate_2v1,substantive,substantive,boilerplate,boilerplate,0.62,0.6,0.85,0.7
932809fbc259,FAST_Q2-2024,"Executives - Former Executive VP & CFO If you look -- if the question is about green shoots, I don't have a lot of green shoots for you on the macro side.",substantive,3,substantive_2v1,substantive,substantive,substantive,boilerplate,0.72,0.65,0.85,0.9
94be0e928a3e,WFC_Q3-2024,We need to build out operational risk and compliance in the company.,boilerplate,3,boilerplate_2v1,substantive,boilerplate,boilerplate,boilerplate,0.52,0.82,0.85,0.7
94e5f6e77c5d,AVGO_Q1-2026,"But I'm talking about scaling up in a rack, in a cluster domain.",boilerplate,3,boilerplate_2v1,substantive,boilerplate,boilerplate,boilerplate,0.52,0.72,0.85,0.6
957fe2d3e59d,INTC_Q3-2024,So I'll say the first order of business is hold share and then regain share.,boilerplate,2,boilerplate_2v1,substantive,substantive,boilerplate,boilerplate,0.6,0.6,0.85,0.7
96f2341548f6,FAST_2026_01_20,"It also provides our customers with ongoing insight regarding product consumption, insight we're uniquely able to provide in a wide range of locations.",boilerplate,2,boilerplate_2v1,substantive,boilerplate,substantive,boilerplate,0.52,0.75,0.72,0.6
974088e231cf,AVGO_Q4-2024,"In sharp contrast, we see our opportunity over the next 3 years in AI as massive.",boilerplate,3,boilerplate_2v1,substantive,boilerplate,boilerplate,boilerplate,0.55,0.85,0.85,0.6
97d4caaaddda,JPM_Q4-2025,"In a lot of our businesses, everything gets expensed upfront.",boilerplate,2,boilerplate_2v1,substantive,substantive,boilerplate,boilerplate,0.52,0.55,0.85,0.7
97f5300aa896,FDX_Q1-2025,Just -- is there enough in terms of the walk as you move from 1Q to 2Q for earnings to be up sequentially?,boilerplate,2,boilerplate_2v1,substantive,substantive,boilerplate,boilerplate,0.62,0.7,0.85,0.9
991fb5121fc1,FAST_Q3-2024,"Just to make it easier, as Dan indicated, for the branches to get product faster, helps customer service, helps us grow.",boilerplate,3,boilerplate_2v1,boilerplate,boilerplate,boilerplate,substantive,0.72,0.82,0.85,0.7
9986e5438f1b,AVGO_Q4-2025,Are you going to continue to sell racks?,boilerplate,3,boilerplate_2v1,substantive,boilerplate,boilerplate,boilerplate,0.6,0.6,0.92,0.9
9ba9eefac801,AVGO_Q2-2024,"We also recognize that being the AI compute engine of choice in merchants in the ecosystem, which is GPUs, that they are trying to create a platform that is probably end to end very integrated.",boilerplate,2,boilerplate_2v1,substantive,substantive,boilerplate,boilerplate,0.62,0.6,0.72,0.6
9c4d37335971,NKE_Q4-2024,"So on your first question, the actions that we're taking on NIKE Direct and Digital are more aggressive.",substantive,3,substantive_2v1,substantive,substantive,substantive,boilerplate,0.6,0.6,0.72,0.6
9caa46df269d,BLK_Q1-2025,The euro debt aligns our capital structure with our global business.,boilerplate,2,boilerplate_2v1,substantive,boilerplate,substantive,boilerplate,0.55,0.75,0.72,0.7
9ce65e0a08ed,INTC_Q3-2025,"By connecting our architectures through NVIDIA NVLink, we combine Intel's CPU and x86 leadership with NVIDIA unmatched AI and accelerated computing strengths, unlocking innovative solutions that will deliver better customer experience and provide a beachhead for Intel in the leading AI platform of tomorrow.",substantive,3,substantive_2v1,substantive,substantive,boilerplate,substantive,0.82,0.82,0.72,0.7
9d2c93b59ee2,FAST_Q4-2023,"One thing we've talked about a number of years ago was building our infrastructure to support signing 100 devices a day, and that was a long way away from what we were doing at the time, but that was kind of the number we had in our head.",substantive,3,substantive_2v1,substantive,substantive,substantive,boilerplate,0.72,0.72,0.75,0.7
9d6be834b02d,BLK_Q2-2024,BlackRock is always a share winner when assets are in motion and a meaningful outperformer in periods of investors re-risking.,boilerplate,2,boilerplate_2v1,substantive,substantive,boilerplate,boilerplate,0.72,0.6,0.92,0.6
9dff0328a9d8,FAST_Q4-2024,"If and when business gets better and pretax is growing more strongly, bonuses sort of reassert themselves.",boilerplate,2,boilerplate_2v1,substantive,substantive,boilerplate,boilerplate,0.6,0.6,0.85,0.7
9fe0dd4ab441,JNJ_Q4-2025,"In MedTech, we will continue to accelerate our newly launched products and expect normalized seasonality.",substantive,3,substantive_2v1,substantive,substantive,substantive,boilerplate,0.72,0.7,0.72,0.6
a05b060276f4,JNJ_Q1-2024,"The one-timers, there was tailwinds and headwinds in that number.",boilerplate,3,boilerplate_2v1,substantive,boilerplate,boilerplate,boilerplate,0.52,0.72,0.85,0.7
a091133c17ab,BLK_Q1-2026,"All that means is the deficits are probably going to be rising or a need to do -- as they build out infrastructure, a need for more public, private is more realistic.",boilerplate,3,boilerplate_2v1,substantive,boilerplate,boilerplate,boilerplate,0.55,0.72,0.72,0.6
a120ac9f1738,C_Q4-2025,"And in order for us to ensure we're delivering greater returns in '27, '28, et cetera, we have to continue to invest in the franchise.",boilerplate,3,boilerplate_2v1,substantive,boilerplate,boilerplate,boilerplate,0.62,0.75,0.85,0.7
a167e4094f5d,FAST_2026_01_20,"And of course, we obvious -- we distribute through a lot of tech areas like the FMI space.",boilerplate,2,boilerplate_2v1,substantive,substantive,boilerplate,boilerplate,0.52,0.55,0.72,0.6
a21e44fd1756,AVGO_Q4-2024,"What do you think is the SAM in 2024, so we can get a baseline view of what your $12.2 billion in sales represent?",substantive,3,substantive_2v1,substantive,substantive,substantive,boilerplate,0.72,0.75,0.92,0.9
a3738b4f3034,JPM_Q3-2024,"We're guessing it's pretty far out in the future, and we'll give you formal guidance and all this stuff next quarter.",boilerplate,2,boilerplate_2v1,substantive,substantive,boilerplate,boilerplate,0.55,0.6,0.92,0.9
a4a6cd7ea257,AVGO_Q1-2026,"I think on further study relative to even comments that I did make last quarter, the impact relative to our overall mix is actually not going to be substantial at all.",substantive,3,substantive_2v1,substantive,substantive,substantive,boilerplate,0.62,0.65,0.72,0.7
a508719d5c3d,WFC_Q2-2025,It looks like they were relatively flat.,boilerplate,3,boilerplate_2v1,substantive,boilerplate,boilerplate,boilerplate,0.52,0.7,0.92,0.6
a578996e81d0,C_Q1-2024,We very much look forward to welcoming Vis Raghavan to Citi to lead our Banking franchise in early June.,boilerplate,2,boilerplate_2v1,boilerplate,substantive,boilerplate,substantive,0.82,0.72,0.92,0.7
a5a6ffa32de8,PLTR_Q1-2025,"And everything about it is heretical, a military vehicle with a software company as the prime contractor, and it's built by a team of nontraditional defense innovators like Anduril.",substantive,3,substantive_2v1,substantive,substantive,boilerplate,substantive,0.72,0.75,0.85,0.7
a759b9f34b80,AMD_Q2-2025,"We really don't have that on the shelf, a finished good we can ship immediately.",substantive,3,substantive_2v1,substantive,substantive,substantive,boilerplate,0.62,0.65,0.75,0.7
a77aea6d40b6,GS_Q4-2023,"Is that someone from the Board currently, someone from outside Goldman Sachs, what type of person is the Board looking for?",boilerplate,3,boilerplate_2v1,substantive,boilerplate,boilerplate,boilerplate,0.6,0.82,0.92,0.9
a7ae8e94961c,AVGO_Q1-2026,"You can tweak your TPUs towards the -- XPU, sorry, Freudian slip, to a particular kind of workload LLM that you want.",substantive,3,substantive_2v1,substantive,substantive,substantive,boilerplate,0.62,0.6,0.72,0.6
a82f47e4de04,BLK_Q2-2024,"Through our iShares and indexing platforms, we've developed long-standing relationships, highly aligned shareholder relationship with global corporates.",boilerplate,3,boilerplate_2v1,substantive,boilerplate,boilerplate,boilerplate,0.55,0.82,0.85,0.7
a8adc25a0d6c,FDX_Q4-2025,"In addition to our Q1 outlook, we remain committed to being transparent and resuming our full year outlook for adjusted EPS, effective tax rate and capital returns as visibility improves.",substantive,3,substantive_2v1,substantive,substantive,substantive,boilerplate,0.82,0.75,0.85,0.7
a96fe60b6694,AMD_Q1-2025,"So we continue to see with our memory bandwidth and memory capacity advantages, that's a positive.",boilerplate,3,boilerplate_2v1,substantive,boilerplate,boilerplate,boilerplate,0.6,0.72,0.85,0.6
a99956316655,AVGO_Q2-2025,"And when we do that, yes, perhaps then things like exotic stuff like co-packaging might be of silicon with optical might become relevant.",boilerplate,2,boilerplate_2v1,substantive,substantive,boilerplate,boilerplate,0.55,0.55,0.85,0.7
a999ae5389ef,GS_Q4-2023,"We continue to be a trusted adviser to our clients, to be an employer of choice for our people and to generate mid-teens returns through the cycle and strong total shareholder return.",boilerplate,3,boilerplate_2v1,boilerplate,boilerplate,boilerplate,substantive,0.72,0.82,0.92,0.7
aa4e29800289,JPM_Q4-2024,"You're finally getting what you wanted, 15 years of your spaghetti chart about the regulatory structure and the unpredictability of capital requirements and regulatory costs.",boilerplate,2,boilerplate_2v1,substantive,substantive,boilerplate,boilerplate,0.6,0.6,0.92,0.6
aaf7e5bc8bb2,NKE_Q3-2026,It was a world-class execution that showcase the ACG logo on all Team USA athletes.,boilerplate,3,boilerplate_2v1,substantive,boilerplate,boilerplate,boilerplate,0.52,0.82,0.92,0.7
accbe2d66360,JPM_Q1-2025,I was specifically referring to tariffs relating to protecting national security.,boilerplate,3,boilerplate_2v1,substantive,boilerplate,boilerplate,boilerplate,0.6,0.72,0.92,0.6
ad81104719f7,FAST_Q1-2025,"But if it's government mandated, that's a really weird thing for certainty because if the economics work because there's a 50% tariff or a 25% tariff or a 75% tariff.",substantive,3,substantive_2v1,substantive,substantive,boilerplate,substantive,0.75,0.75,0.85,0.7
aeb4ec962aa0,AMD_Q2-2024,We expanded gross margin significantly and drove earnings growth while increasing investment in AI.,substantive,3,substantive_2v1,substantive,boilerplate,substantive,substantive,0.72,0.72,0.85,0.85
aed7cfff080d,NKE_Q3-2025,The competition is a bit more aggressive than I had -- when I remembered it 4.5 years ago.,boilerplate,2,boilerplate_2v1,substantive,substantive,boilerplate,boilerplate,0.52,0.55,0.85,0.7
afa5262a15dd,BLK_Q1-2024,"As we spoke in January, we believe the planned combination of BlackRock's infrastructure platform with GIP will provide clients with access to market-leading investments and operating expertise across infrastructure private markets.",substantive,3,substantive_2v1,substantive,substantive,substantive,boilerplate,0.75,0.75,0.92,0.6
afc03a63042f,NVDA_Q1-2026,The question is whether one of the world's largest AI markets will run on American platforms.,boilerplate,2,boilerplate_2v1,substantive,substantive,boilerplate,boilerplate,0.62,0.72,0.85,0.9
afdb34ca2d2a,NVDA_Q2-2025,NVIDIA's networking footprint is much bigger than before.,substantive,3,substantive_2v1,substantive,substantive,boilerplate,substantive,0.55,0.55,0.85,0.7
b13c673b07d7,BLK_Q1-2025,"This, I think, can be done faster than that because it can be done largely through allocations to funds inside of target date funds that are already themselves asset allocation vehicles.",boilerplate,2,boilerplate_2v1,substantive,substantive,boilerplate,boilerplate,0.6,0.6,0.85,0.6
b1551ea4b39c,NKE_Q3-2026,"Given where inventory is in the marketplace, we expect to continue to see improvement in underlying profitability in that geography.",substantive,3,substantive_2v1,substantive,substantive,substantive,boilerplate,0.82,0.72,0.72,0.6
b196edf5c2a4,AVGO_Q4-2025,"Obviously, Google uses its own networking.",boilerplate,2,boilerplate_2v1,substantive,substantive,boilerplate,boilerplate,0.55,0.6,0.85,0.6
b24ba952461c,INTC_Q2-2024,We've uncovered quite a lot of areas where we don't leverage industry IPs.,boilerplate,2,boilerplate_2v1,substantive,substantive,boilerplate,boilerplate,0.55,0.55,0.85,0.7
b331bcfdf871,JPM_Q4-2023,"And that's actually intuitive when you think about it as people continue migrating into CDs, but maybe a little nonintuitive if you're kind of trying to do beta-type math with like change in rates and change in rate pay that gets a little bit nonintuitive.",boilerplate,2,boilerplate_2v1,substantive,substantive,boilerplate,boilerplate,0.6,0.6,0.85,0.7
b4d0d586b88b,AVGO_Q1-2024,"And also being in an environment where, as you all know, traditional enterprise networking is kind of also in a bit of a slowdown [ law ].",boilerplate,2,boilerplate_2v1,substantive,substantive,boilerplate,boilerplate,0.55,0.6,0.85,0.7
b674cd70d249,NKE_Q1-2025,So Running and Core are the 2 areas where we're most optimistic that we see momentum building from an innovation and a newness perspective.,substantive,3,substantive_2v1,substantive,substantive,substantive,boilerplate,0.72,0.72,0.85,0.6
b6ac3549ea85,FDX_Q2-2025,"So we've got some opportunity to be a little bit more strategic, also to look at the 3PL market.",boilerplate,3,boilerplate_2v1,substantive,boilerplate,boilerplate,boilerplate,0.52,0.82,0.85,0.7
b9e6a2cee7b8,GS_Q1-2026,"As David referenced, we are thoughtfully building out our One Goldman Sachs 3.0 work streams, and our early learnings have reinforced the need to double down on the foundational elements of our infrastructure.",boilerplate,2,boilerplate_2v1,substantive,substantive,boilerplate,boilerplate,0.6,0.6,0.85,0.7
ba05688326dd,FAST_Q2-2025,"And so when the tariff activity started ramping up, I said to Kevin, can you start producing a video for the field to convey order to the chaos and try to simplify it as much as you can.",boilerplate,2,boilerplate_2v1,substantive,substantive,boilerplate,boilerplate,0.52,0.55,0.85,0.7
bbc76290506c,NKE_Q2-2025,"I'd note that even with these actions, we almost offset it by the contribution of newness and innovation.",boilerplate,2,boilerplate_2v1,substantive,substantive,boilerplate,boilerplate,0.6,0.6,0.85,0.6
bd0946bd6572,WFC_Q2-2024,"But I think the good part is like we've been methodically sort of making investments in really all of the asset classes, FX, credit, to a lesser degree, in equities and other places, but we're getting the benefit of those investments each quarter on an incremental basis.",substantive,3,substantive_2v1,substantive,substantive,substantive,boilerplate,0.72,0.72,0.72,0.6
bd16e67545e4,NVDA_Q4-2025,Blackwell has great demand for inference.,substantive,3,substantive_2v1,substantive,substantive,substantive,boilerplate,0.72,0.65,0.75,0.6
bd297782d3f5,BLK_Q4-2023,"Just yesterday, the iShares Bitcoin ETF began trading in another landmark moment that advances ETF innovation and expand access to Bitcoin for investors.",substantive,3,substantive_2v1,substantive,substantive,boilerplate,substantive,0.85,0.85,0.85,0.75
bdba00b97eb8,INTC_Q4-2023,Third-party engagements with IFS continue to validate our progress on this technology.,boilerplate,3,boilerplate_2v1,boilerplate,boilerplate,substantive,boilerplate,0.72,0.85,0.72,0.6
bdc5933ee44b,JNJ_Q2-2025,"And do you see room to improve the operating margin next year beyond the implied, I think, 32.8% in the 2025 guidance?",substantive,3,substantive_2v1,substantive,substantive,boilerplate,substantive,0.85,0.85,0.92,0.85
be917c0cf1b7,JPM_Q4-2023,It tends to be a trade-off between the best possible pricing versus speed and uncertainty of execution.,boilerplate,3,boilerplate_2v1,substantive,boilerplate,boilerplate,boilerplate,0.52,0.82,0.85,0.9
bf16987ca0a7,FDX_Q3-2024,"This is tied in part to the rapid growth of many of our e-commerce customers, where we are a critical enabler of global trade, offering unique solutions for our customers.",boilerplate,2,boilerplate_2v1,substantive,boilerplate,boilerplate,substantive,0.55,0.75,0.85,0.7
bf945960ae98,FAST_Q3-2025,Can you just explain why was the bonus reset so much larger in 3Q versus 2Q?,boilerplate,2,boilerplate_2v1,substantive,boilerplate,substantive,boilerplate,0.72,0.75,0.85,0.6
bfe1d2b7d94d,BLK_Q2-2024,"But obviously, if interest rates go back down, the liabilities will go out a little bit.",substantive,3,substantive_2v1,substantive,substantive,boilerplate,substantive,0.62,0.7,0.85,0.7
c0187ec06af4,WFC_Q1-2024,"Executives - Senior EVP & CFO And when you think about the first quarter in particular, there's always going to be seasonality on the trading side.",boilerplate,2,boilerplate_2v1,substantive,substantive,boilerplate,boilerplate,0.6,0.6,0.85,0.7
c0261be2f096,JPM_Q4-2023,"But it's also the case, as you know, that there's -- the market's expectation is that QT is going to start slowing down at some point this year.",boilerplate,2,boilerplate_2v1,substantive,substantive,boilerplate,boilerplate,0.72,0.72,0.92,0.6
c051f879e573,PLTR_Q4-2023,"Those assumptions have seeped into our products, whether they're a military product or they're foundry or ontology or AIP.",boilerplate,2,boilerplate_2v1,substantive,substantive,boilerplate,boilerplate,0.72,0.72,0.72,0.6
c087c7a333c1,FAST_Q4-2023,There's a couple of states where the rules are pretty onerous.,boilerplate,3,boilerplate_2v1,substantive,boilerplate,boilerplate,boilerplate,0.52,0.72,0.85,0.7
c0a0ec59e588,BLK_Q3-2024,"But it built as we built better analytics and data and then through better analytics and data, more acceptance and a broadening of the market.",boilerplate,3,boilerplate_2v1,substantive,boilerplate,boilerplate,boilerplate,0.52,0.82,0.85,0.6
c0d537feaa4f,BLK_Q2-2024,"What the creation of public benchmarks did to drive stock markets, especially visible through iShares, we believe the combination of BlackRock with Preqin can do for private markets.",substantive,3,substantive_2v1,substantive,substantive,substantive,boilerplate,0.82,0.82,0.85,0.6
c14dbbfec902,INTC_Q2-2024,"I think, Dave, you might have mentioned client flat to down in September.",boilerplate,3,boilerplate_2v1,boilerplate,boilerplate,boilerplate,substantive,0.62,0.75,0.85,0.7
c1752fa05719,INTC_Q1-2025,"I know in the past, your target was to, I guess, bring in 70% of the die in-house to 18A.",substantive,3,substantive_2v1,substantive,substantive,boilerplate,substantive,0.72,0.75,0.85,0.7
c21ffe71dba2,C_Q1-2024,"And yes, it was a different rate environment, but that growth that we delivered over the past couple of years has been a mix of both revenue and underlying business strength.",boilerplate,2,boilerplate_2v1,substantive,boilerplate,substantive,boilerplate,0.55,0.82,0.72,0.7
c30c8556cdc4,NVDA_Q3-2026,You can use 1 architecture and not worry about the changes in the workload across those 3 phases.,substantive,3,substantive_2v1,substantive,substantive,substantive,boilerplate,0.6,0.6,0.72,0.6
c36e301a12f2,AVGO_Q3-2024,"Meanwhile, there's still a market for in enterprise for merchant silicon.",boilerplate,2,boilerplate_2v1,substantive,substantive,boilerplate,boilerplate,0.55,0.6,0.72,0.6
c3d9b9d7c2fb,C_Q4-2025,So it's not as if it's a cliff at the end of the consent order.,boilerplate,2,boilerplate_2v1,substantive,substantive,boilerplate,boilerplate,0.52,0.6,0.92,0.7
c44bace6789a,FDX_Q4-2025,"Eddie brings deep expertise from his nearly 30-year career at FedEx, most recently as Corporate Vice President for Corporate Governance securities and tax law.",boilerplate,2,boilerplate_2v1,substantive,substantive,boilerplate,boilerplate,0.72,0.72,0.95,0.9
c6d344e2efb5,FDX_Q2-2026,So we are continuing to onboard health care with that tool.,boilerplate,3,boilerplate_2v1,substantive,boilerplate,boilerplate,boilerplate,0.52,0.75,0.85,0.6
c737910457bb,C_Q4-2023,"I don't know if you've dimensionalized how much was rate versus new business, but you have good core business momentum and a pipeline of one, but not yet funded.",substantive,3,substantive_2v1,substantive,boilerplate,substantive,substantive,0.6,0.62,0.85,0.7
c92f0b685a3f,WFC_Q2-2024,"But -- you saw about -- basically about a month's worth in the quarter, we made the change in June.",substantive,3,substantive_2v1,substantive,substantive,boilerplate,substantive,0.72,0.72,0.85,0.7
c95054029a47,NKE_Q1-2026,We are going to accelerate the Win Now actions by activating our Sport Offense that I've spent some time speaking to.,boilerplate,3,boilerplate_2v1,boilerplate,boilerplate,substantive,boilerplate,0.62,0.75,0.72,0.6
c9dc266406bd,FDX_Q1-2026,"And especially in this complex trade environment, those kind of -- it's the added value as we improve our value proposition for moving things across borders and being predictive using GenAI to create value from HS classifications and so on.",substantive,3,substantive_2v1,substantive,substantive,substantive,boilerplate,0.62,0.6,0.72,0.6
cbdb6b1fc97c,JPM_Q2-2024,It's hard to imagine a scenario coming out of the whole potential range of outcomes on capital that involves an upward revision on ROTCE.,boilerplate,2,boilerplate_2v1,substantive,substantive,boilerplate,boilerplate,0.75,0.82,0.85,0.7
cc6b6cfc2162,FAST_Q4-2024,"Thanks to the strength of our Onsite program, there's a subset of this group that has grown even faster.",substantive,3,substantive_2v1,substantive,boilerplate,substantive,substantive,0.52,0.75,0.72,0.7
cd3db5972cbf,AMD_Q4-2023,"As MI300 revenue ramps, how do you see the customer concentration, let's say, a year or 2 from now?",boilerplate,2,boilerplate_2v1,substantive,boilerplate,substantive,boilerplate,0.72,0.85,0.85,0.9
cd4687bb2961,NVDA_Q4-2026,All of the enterprise ISVs who are now working on agentic systems on top of their tools platforms.,substantive,3,substantive_2v1,substantive,substantive,substantive,boilerplate,0.55,0.55,0.72,0.6
cee5c8777e87,AVGO_Q1-2026,"Now you've got to productize it, which means inference.",boilerplate,2,boilerplate_2v1,substantive,substantive,boilerplate,boilerplate,0.6,0.55,0.85,0.6
cfbd7f76cc0b,WFC_Q1-2024,"And is there opportunity set for maybe pulling in some more deposits and reinvesting in securities, given the slightly improved long-end rates here?",boilerplate,2,boilerplate_2v1,substantive,boilerplate,substantive,boilerplate,0.62,0.72,0.75,0.9
d1068ff8e3ec,WFC_Q3-2024,"Executives - CEO & Chairman And the only thing I'd add is when you think about just rate movement, you need to look at the different points along the curve.",boilerplate,2,boilerplate_2v1,substantive,substantive,boilerplate,boilerplate,0.52,0.55,0.85,0.7
d309714f578a,C_Q4-2024,"We know what we need to be spending on through the annual planning process that concluded last month, it was clear that we did need to invest some more.",substantive,3,substantive_2v1,substantive,substantive,substantive,boilerplate,0.62,0.6,0.72,0.6
d403bd98fb72,AMD_Q1-2024,"And from our experience, I think you'll see a faster transition than, for example, when we went from Milan to Genoa.",substantive,3,substantive_2v1,substantive,substantive,substantive,boilerplate,0.62,0.65,0.72,0.6
d4afd238406d,FAST_Q1-2026,"As our international sales teams have become increasingly more aligned, the growth continues to accelerate.",boilerplate,2,boilerplate_2v1,substantive,boilerplate,substantive,boilerplate,0.52,0.82,0.72,0.6
d505d83c1ec0,BLK_Q4-2023,The integration of BlackRock's existing infrastructure platform with GIP will result in a market-leading comprehensive infrastructure business with truly differentiated origination and asset management capabilities.,substantive,3,substantive_2v1,substantive,boilerplate,substantive,substantive,0.72,0.72,0.85,0.7
d641d3e1165a,AMD_Q2-2024,Is it the ASP uplift you're getting from the new products?,boilerplate,3,boilerplate_2v1,substantive,boilerplate,boilerplate,boilerplate,0.55,0.75,0.92,0.9
d68b96aba4c1,GS_Q2-2025,"I think this market structure bill that is yet to come is very, very important in the context of this and the direction of travel.",boilerplate,3,boilerplate_2v1,substantive,boilerplate,boilerplate,boilerplate,0.52,0.82,0.85,0.7
d779d984585b,JNJ_Q4-2025,And I guess what we're really trying to understand is how much of that acceleration comes from the organic pipeline versus acquisitions versus portfolio pruning.,boilerplate,3,boilerplate_2v1,boilerplate,boilerplate,substantive,boilerplate,0.62,0.82,0.85,0.7
d77a56534026,JPM_Q1-2025,JPMorgan will be fine with or without an SLR change.,boilerplate,2,boilerplate_2v1,substantive,substantive,boilerplate,boilerplate,0.72,0.72,0.85,0.7
d7dee6c1f7af,FAST_Q1-2024,"And at this point, to be honest, the pricing environment is fairly unremarkable, which is why we're not giving it as much time and energy in our dialogue.",boilerplate,2,boilerplate_2v1,substantive,substantive,boilerplate,boilerplate,0.72,0.72,0.85,0.7
d80ee5a9067d,JPM_Q1-2025,"And I think some of that Mike Mayo mentioned the thing about regulation, he is right, there will be reductions in cost because rules and regulations will be modified a little bit.",substantive,3,substantive_2v1,substantive,substantive,boilerplate,substantive,0.6,0.6,0.85,0.7
d8defe0c06dc,PLTR_Q4-2024,I'm pretty sure there's some sanction invasion going on there.,boilerplate,2,boilerplate_2v1,substantive,substantive,boilerplate,boilerplate,0.52,0.55,0.95,0.6
d9122fb0919e,NVDA_Q2-2026,And we're going to -- you're going to see that networking obviously is very important in AI factories.,boilerplate,3,boilerplate_2v1,substantive,boilerplate,boilerplate,boilerplate,0.52,0.82,0.85,0.6
d93a91d0d92c,AVGO_Q3-2024,"I'm not in a path of, in the meantime, a different trajectory of enabling enterprises to do AI on their own workloads.",boilerplate,3,boilerplate_2v1,substantive,boilerplate,boilerplate,boilerplate,0.52,0.72,0.85,0.7
d968f269640e,GS_Q4-2023,"Question Analysts - MD, Head of U.S. Large-Cap Bank Research & Senior bank Analyst I was just wondering what you're going to do about the Lead Independent Director, who I guess is no longer on your Board, Bayo, I guess, his firm got purchased and now you need to get a new lead director.",substantive,3,substantive_2v1,substantive,substantive,substantive,boilerplate,0.7,0.7,0.85,0.9
daa28747ca57,JPM_Q4-2023,"Question Analysts - Former Senior Analyst of US Large-Cap Banks Jeremy, could you give a little more color on what's baked into the loan loss reserve in terms of kind of weighted average assumptions?",substantive,3,substantive_2v1,substantive,substantive,substantive,boilerplate,0.72,0.7,0.85,0.9
db64194785f0,GS_Q1-2024,"And depending on where various pieces of regulation end up, we'll make whatever adjustments we need either to pricing or the mix of our businesses or look for other ways to serve our clients.",boilerplate,3,boilerplate_2v1,substantive,boilerplate,boilerplate,boilerplate,0.55,0.82,0.85,0.7
df1cc6f8dd65,JNJ_Q1-2024,"Innovation continues to be a main priority for the company, as demonstrated by our industry-leading R&D spend.",boilerplate,3,boilerplate_2v1,boilerplate,boilerplate,substantive,boilerplate,0.72,0.85,0.72,0.6
df9e0f92da0f,INTC_Q2-2025,"In addition, we also need to develop a rich and diverse ecosystem of IP and EDA partners who will enable our customers to seamlessly design chips using our process.",substantive,3,substantive_2v1,substantive,substantive,substantive,boilerplate,0.62,0.6,0.72,0.7
dfbd9c25a30e,AMD_Q2-2025,"So to your question of how much is pull forward, we don't think a whole lot of that is.",boilerplate,2,boilerplate_2v1,substantive,substantive,boilerplate,boilerplate,0.62,0.65,0.85,0.7
e14507967fe2,AVGO_Q2-2024,"That's a great product, great technology, but it's been out for 20 years.",substantive,3,substantive_2v1,substantive,substantive,substantive,boilerplate,0.52,0.55,0.75,0.6
e1bdbf2d4b36,AVGO_Q4-2024,"So yes, the focus will be on paying down debt.",boilerplate,2,boilerplate_2v1,substantive,substantive,boilerplate,boilerplate,0.62,0.6,0.85,0.7
e1d1234eb8ed,INTC_Q4-2024,"And remind us again what the delta is in terms of cost structure, the margin dynamics of an EUV wafer?",boilerplate,3,boilerplate_2v1,substantive,boilerplate,boilerplate,boilerplate,0.6,0.72,0.85,0.9
e25dcc8eeb4b,AVGO_Q1-2026,These figures demonstrate that our scale continues to drive significant operating leverage.,boilerplate,3,boilerplate_2v1,boilerplate,boilerplate,substantive,boilerplate,0.82,0.85,0.72,0.6
e3fb6407708a,BLK_Q3-2025,"Question Analysts - MD & Head of the North American Asset Managers, Brokers & Exchanges Team My question is on the breadth of the 10% base fee organic growth in the quarter.",boilerplate,2,boilerplate_2v1,substantive,boilerplate,substantive,boilerplate,0.72,0.75,0.85,0.9
e4cb2c6f492d,BLK_Q2-2024,The industrial logic that informed our planned acquisition of GIP has only begun even clearer in the last 6 months.,substantive,3,substantive_2v1,substantive,substantive,substantive,boilerplate,0.72,0.7,0.85,0.6
e5223164ac13,NKE_Q1-2025,"Kobe's a beloved athlete in China, and it was one of the biggest opportunities we saw to bring Kobe back into the product family, and we're incredibly excited about the energy that's building in China for Kobe.",boilerplate,2,boilerplate_2v1,substantive,substantive,boilerplate,boilerplate,0.72,0.72,0.85,0.6
e59eaf874875,NVDA_Q2-2025,NVIDIA NIMs accelerate and simplify model deployment.,substantive,3,substantive_2v1,substantive,substantive,boilerplate,substantive,0.55,0.6,0.85,0.7
e5e8ca998cbd,AVGO_Q2-2025,And do you think it leads to a market share shift faster than we were expecting towards XPU from GPU?,boilerplate,3,boilerplate_2v1,substantive,boilerplate,boilerplate,boilerplate,0.6,0.72,0.92,0.9
e6856371f018,NKE_Q1-2026,"When you think about the Sport office, and this is rather than us being organized by men's, women, kids.",boilerplate,3,boilerplate_2v1,substantive,boilerplate,boilerplate,boilerplate,0.52,0.75,0.92,0.7
e6a7bb29a86c,AMD_Q1-2024,"So overall, will help the mix on the gross margin side.",boilerplate,2,boilerplate_2v1,substantive,substantive,boilerplate,boilerplate,0.52,0.55,0.92,0.7
e6b52047d3d2,FAST_Q1-2024,"There were a few other periods, obviously, the '08, '09 period, much shorter in duration, but pretty steep.",boilerplate,2,boilerplate_2v1,substantive,substantive,boilerplate,boilerplate,0.6,0.6,0.85,0.7
e70c877a827d,BLK_Q3-2025,The fourth quarter has traditionally been our strongest for organic growth.,substantive,3,substantive_2v1,substantive,substantive,boilerplate,substantive,0.62,0.62,0.85,0.7
e7bcc45b8762,GS_Q2-2025,We had a nominal dividend and we've been kind of growing into it as we've been growing the firm.,substantive,3,substantive_2v1,substantive,substantive,substantive,boilerplate,0.55,0.55,0.72,0.6
e7cb9c37b7e4,WFC_Q4-2024,"Question Analysts - Analyst Clearly, the way the stock has reacted, the message from your shareholders has been an embrace of Wells Fargo was more than a remediation story, and thinking about the return improvement even beyond the asset cap resolution and the consent order.",boilerplate,3,boilerplate_2v1,boilerplate,boilerplate,boilerplate,substantive,0.62,0.72,0.92,0.7
e830a39f356f,FAST_Q1-2024,We've seen improvements in sort of the rate of signings on the contract side as well.,substantive,3,substantive_2v1,substantive,substantive,substantive,boilerplate,0.55,0.55,0.72,0.6
e8f4f38ea4d5,GS_Q4-2023,We used to do that business on balance sheet.,boilerplate,2,boilerplate_2v1,substantive,substantive,boilerplate,boilerplate,0.52,0.55,0.85,0.7
e9ed70b37f39,NKE_Q1-2025,"This quarter, we saw growth in multiple sport dimensions, an indicator that we are gaining traction.",substantive,3,substantive_2v1,substantive,boilerplate,substantive,substantive,0.52,0.82,0.72,0.7
ea2bf25a18bf,INTC_Q1-2025,And I'll qualify this by saying it's a relatively dynamic industry out there right now given the tariffs and the implications on what that might look like from our TAM and from the macro.,boilerplate,3,boilerplate_2v1,substantive,boilerplate,boilerplate,boilerplate,0.6,0.72,0.85,0.7
eb0c8f6004b8,PLTR_Q3-2025,"Anybody with specific domain expertise is more powerful, more valuable in our product than they were yesterday.",boilerplate,3,boilerplate_2v1,substantive,boilerplate,boilerplate,boilerplate,0.52,0.82,0.85,0.7
eb35b4ffdf8f,FAST_Q2-2024,"And so at the end of the day, I think that we need more discipline among our contract sellers and more discipline in our field personnel and they need to trust the tools because the tools are in great shape.",boilerplate,2,boilerplate_2v1,substantive,boilerplate,substantive,boilerplate,0.55,0.82,0.72,0.7
eb5e5e3ac3a3,JPM_Q3-2024,We think the CD mix has probably peaked.,substantive,3,substantive_2v1,substantive,substantive,substantive,boilerplate,0.72,0.75,0.85,0.7
ec51ac4fe5a2,AVGO_Q1-2024,"It's almost a layer 3-dimensional chip, which it is.",boilerplate,3,boilerplate_2v1,substantive,boilerplate,boilerplate,boilerplate,0.52,0.72,0.85,0.7
edc980246b1a,C_Q1-2025,"And I'm wondering, does that mean at $1.75 billion or does that mean keep pace with the increased Q-on-Q, which was [indiscernible] million?",boilerplate,2,boilerplate_2v1,substantive,substantive,boilerplate,boilerplate,0.72,0.75,0.85,0.7
ee9cdd80d1a3,JNJ_Q4-2025,"And it would be helpful if you could touch upon the outlook for your EP business, which is growing below market.",boilerplate,3,boilerplate_2v1,boilerplate,boilerplate,boilerplate,substantive,0.72,0.82,0.85,0.8
eecd6712acd6,AVGO_Q3-2024,You've said in the past calls that you thought that AI compute would move away from ASICs and go to merchant market.,boilerplate,2,boilerplate_2v1,substantive,boilerplate,substantive,boilerplate,0.72,0.72,0.85,0.7
ef0afc471d1f,NKE_Q3-2026,"So again, is that flat for the fourth quarter on EPS through the February quarter?",boilerplate,2,boilerplate_2v1,substantive,substantive,boilerplate,boilerplate,0.72,0.7,0.92,0.9
efaed34eaf3c,BLK_Q1-2026,And now IQQ is similarly trying to facilitate access for U.S. investors with an iShares quality option in one of the most widely tracked indexes.,substantive,3,substantive_2v1,substantive,substantive,boilerplate,substantive,0.72,0.72,0.85,0.8
efc5177858c5,JNJ_Q3-2024,We're seeing macroeconomic pressures in Japan.,substantive,3,substantive_2v1,substantive,substantive,substantive,boilerplate,0.62,0.65,0.72,0.6
eff28a46ed07,PLTR_Q2-2024,"That differentiation is built on more than a decade of deep technical investments, technologies like the Ontology, OSDK, the primitives that we have that permeate the platform, security, functions on objects, actions, write-back, machinery, automations, and a deep product pipeline that really is focused on addressing this very problem on this transition from prototyping to production.",substantive,3,substantive_2v1,substantive,substantive,substantive,boilerplate,0.82,0.75,0.85,0.7
f27a859c8a0a,PLTR_Q2-2024,"And the answer to that for these countries really is reimagine how you produce and the people who do it are going to be people who are alumni of the companies that have actually built companies correctly, call it, the Palantir alumni and people from the SpaceX network are really the only people who have done these things.",boilerplate,2,boilerplate_2v1,substantive,substantive,boilerplate,boilerplate,0.62,0.6,0.72,0.6
f29fa0ed85c9,AMD_Q4-2023,"In closing, we delivered solid financial results in 2023, further strengthening our product portfolio and establishing ourselves as a leading provider of data center GPUs for AI.",substantive,3,substantive_2v1,substantive,boilerplate,substantive,substantive,0.72,0.75,0.72,0.7
f3a0baa41205,FAST_Q4-2024,"But the other thing I think to think about is where we're genuinely special in the marketplace is in engaging with customers that have very large, very complex supply chains.",boilerplate,2,boilerplate_2v1,substantive,substantive,boilerplate,boilerplate,0.55,0.55,0.85,0.7
f41fa3a0e1e3,FAST_2026_01_20,We only have one quarter of that as we move into '26.,substantive,3,substantive_2v1,substantive,substantive,boilerplate,substantive,0.62,0.6,0.85,0.7
f48bfb6acb82,GS_Q1-2024,"Can you offset it through pricing, product design?",boilerplate,3,boilerplate_2v1,substantive,boilerplate,boilerplate,boilerplate,0.52,0.72,0.92,0.9
f4d92f528d9d,WFC_Q3-2025,We are at the lower end of that range today.,substantive,3,substantive_2v1,substantive,substantive,substantive,boilerplate,0.62,0.7,0.75,0.7
f56ec2d314cf,FDX_Q3-2026,"And given that this is our last earnings call before the spin-off, we've invited Freight's CEO, John Smith; and CFO, Marshall Witt, to join us today to participate in the Q&A.",boilerplate,2,boilerplate_2v1,substantive,substantive,boilerplate,boilerplate,0.72,0.72,0.92,0.9
f5704f04db0c,GS_Q2-2025,"For example, last month's proposal on the recalibration of the enhanced SLR is a constructive step to returning the leverage requirement back to its intended purpose as a backstop measure.",substantive,3,substantive_2v1,substantive,substantive,boilerplate,substantive,0.72,0.75,0.85,0.7
f5fb9f412993,AVGO_Q2-2024,"Hock, you seem to have pretty good visibility into hitting that $4 billion run rate over the medium term, perhaps.",boilerplate,3,boilerplate_2v1,boilerplate,boilerplate,boilerplate,substantive,0.62,0.72,0.85,0.7
f6725c26e1e1,INTC_Q2-2025,"In the past, we approached AI with a traditional silicon and training-centric mindset without a cohesive silicon systems software stack and strategy.",substantive,3,substantive_2v1,substantive,substantive,substantive,boilerplate,0.62,0.6,0.72,0.7
f6becb58c021,FDX_Q2-2025,"I will say, it picked up, right, after Cyber Monday.",boilerplate,2,boilerplate_2v1,substantive,substantive,boilerplate,boilerplate,0.55,0.6,0.85,0.7
f6cdd83e99e9,INTC_Q4-2025,"And then, of course, they want to know the capacity, the pricing, those are all in the discussion right now.",boilerplate,3,boilerplate_2v1,substantive,boilerplate,boilerplate,boilerplate,0.52,0.72,0.85,0.7
f853945d1b19,AMD_Q1-2025,So we continue to see strength in Client going into the second quarter.,substantive,3,substantive_2v1,substantive,substantive,boilerplate,substantive,0.72,0.6,0.72,0.7
f8b594bba256,C_Q4-2025,"And if you could just remind us what the end goal is for op leverage, for EBIT margin, I should say, and over what time frame do you expect to get there?",boilerplate,3,boilerplate_2v1,boilerplate,boilerplate,substantive,boilerplate,0.62,0.85,0.85,0.9
f93fcb6fc25f,INTC_Q4-2023,"The second, as you point out, is loadings, and we are managing our capital spend and our investment with an eye on loadings to make sure that we keep those in a good place.",substantive,3,substantive_2v1,substantive,substantive,substantive,boilerplate,0.6,0.6,0.72,0.7
fa389e9521b6,WFC_Q4-2024,And there is this debate about the extent and how quickly an asset cap removal would kickstart and allow for balance sheet growth.,boilerplate,2,boilerplate_2v1,substantive,substantive,boilerplate,boilerplate,0.72,0.72,0.85,0.7
fa3932dbc56a,PLTR_Q3-2024,And we are going to maintain the contradiction of having both high margins and high growth.,boilerplate,3,boilerplate_2v1,substantive,boilerplate,boilerplate,boilerplate,0.6,0.75,0.85,0.6
fc13486c3396,C_Q3-2024,We knew 2024 would be a tough year as we lap the credit cost but we have a path to higher returns.,substantive,3,substantive_2v1,substantive,substantive,substantive,boilerplate,0.72,0.65,0.85,0.6
fc8c3951b651,NVDA_Q1-2025,Companies are using Omniverse to digitalize their workflows.,boilerplate,3,boilerplate_2v1,boilerplate,boilerplate,boilerplate,substantive,0.62,0.75,0.92,0.7
fcec1024a5db,JPM_Q2-2025,"So we're doing what we want to do, but clearly, it is a big amount of excess, and that does mean that everything is on the table as it always is, and that includes potentially inorganic things.",boilerplate,2,boilerplate_2v1,substantive,substantive,boilerplate,boilerplate,0.62,0.65,0.72,0.7
ff009981a8f2,C_Q4-2024,I'll also focus on our current expectations for 2025 and 2026.,boilerplate,2,boilerplate_2v1,substantive,substantive,boilerplate,boilerplate,0.6,0.6,0.92,0.7
